Workbook

Sheet Program Remedial Kelas 4 a,
F1: PROGRAM REMEDIAL DAN PENGAYAAN | AH1: =F1 -> PROGRAM REMEDIAL DAN PENGAYAAN | AP1: =AH1 -> PROGRAM REMEDIAL DAN PENGAYAAN
F2: TAHUN PELAJARAN 2025 / 2026 | AH2: =F2 -> TAHUN PELAJARAN 2025 / 2026 | AP2: =AH2 -> TAHUN PELAJARAN 2025 / 2026
H4: : | I4: IV A/1 | S4: Kelas / Semester | T4: : IV A/1 | AH4: Kelas / Semester | AP4: Kelas / Semester | AV4: : | AW4: =#REF! -> #REF!
H5: : | I5: ='oke Lingk. 1'!L5 -> 0 | S5: Mata Pelajaran | T5: : PAI dan Budi Pekerti | AH5: Mata Pelajaran | AP5: Mata Pelajaran | AV5: : | AW5: =#REF! -> #REF!
H6: : | I6: Mari Kita Mengaji dan Mengkaji Q.S. Al-Ḥujurāt/49:13 dan Hadis Keragaman | S6: Materi Pokok | T6: : Mari Kita Mengaji dan Mengkaji Q.S. Al-Ḥujurāt/49:13 dan Hadis Keragaman | AH6: Lingkup Materi | AP6: Lingkup Materi | AV6: : | AW6: {=S6T6} -> #NAME?
A8: NO | B8: NAMA SISWA | E8: Kode TP 1 | S8: Alqur'an dan Hadis | AC8: Kode B.2 | AG8: Kode B.3 | AO8: Kode TP …......... | BD8: Kode TP ….........
E9: Nilai Minimal | F9: 1 | G9: 2 | H9: 3 | I9: 4 | J9: 5 | K9: 6 | L9: 7 | M9: 8 | N9: 9 | O9: 10 | Q9: Skor | R9: Nilai Akhir | S9: Jenis Program | T9: Nilai Sebelum Pengayaan | U9: Nilai Sesudah Pengayaan | V9: Keterangan | W9: 6 | X9: 7 | Y9: 8 | Z9: 9 | AA9: 10 | AC9: Jenis Program | AD9: Nilai Sebelum Pengayaan | AE9: Nilai Sesudah Pengayaan | AF9: Keterangan | AG9: Jenis Program | AH9: Nilai Sebelum Pengayaan | AI9: Nilai Sesudah Pengayaan | AJ9: Keterangan | AO9: Nilai Minimal | AP9: 1 | AQ9: 2 | AR9: 3 | AS9: 4 | AT9: 5 | AU9: 6 | AV9: 7 | AW9: 8 | AX9: 9 | AY9: 10 | BA9: Skor | BB9: Nilai Akhir | BC9: Tindak Lanjut | BD9: Nilai Minimal | BE9: 1 | BF9: 2 | BG9: 3 | BH9: 4 | BI9: 5 | BJ9: 6 | BK9: 7 | BL9: 8 | BM9: 9 | BN9: 10 | BP9: Skor | BQ9: Nilai Akhir | BR9: Tindak Lanjut
F10: Skor Maks Tiap Soal | AP10: Skor Maksimal Tiap Soal | BE10: Skor Maksimal Tiap Soal
F11: 2 | G11: 2 | H11: 2 | I11: 2 | J11: 2 | K11: 1 | L11: 1 | M11: 1 | N11: 1 | O11: 2 | P11: 10 | X11: 1 | Y11: 1 | Z11: 1 | AA11: 2 | AP11: 1 | AQ11: 1 | AR11: 1 | AS11: 1 | AT11: 1 | AU11: 1 | AV11: 1 | AW11: 1 | AX11: 1 | AY11: 2 | AZ11: =SUM(AP11:AY11) -> 11 | BE11: 1 | BF11: 1 | BG11: 1 | BH11: 1 | BI11: 1 | BJ11: 1 | BK11: 1 | BL11: 1 | BM11: 1 | BN11: 2 | BO11: =SUM(BE11:BN11) -> 11
A12: 1 | B12: Adittia Purnama | E12: 70 | F12: 0 | G12: 2 | H12: 2 | I12: 2 | J12: 0 | Q12: =SUM(F12:O12) -> 6 | R12: =Q12/P11*100 -> 60 | S12: Pengayaan | T12: 80 | U12: 80 | V12: Tuntas | AC12: Pengayaan | AD12: 80 | AE12: 80 | AF12: Tuntas | AG12: Pengayaan | AH12: 80 | AI12: 80 | AJ12: Tuntas | AO12: 65 | AP12: 1 | AQ12: 1 | AR12: 1 | AS12: 1 | AT12: 1 | AU12: 1 | AV12: 1 | AW12: 1 | AX12: 1 | AY12: 2 | BA12: =SUM(AP12:AY12) -> 11 | BB12: =BA12/AZ11*100 -> 100 | BC12: =IFERROR(IF(BB12<AO12,"Perbaiakan",IF(BB12>=AO12,"Pengayaan","")),"") -> Pengayaan | BP12: =SUM(BE12:BN12) -> 0 | BQ12: =BP12/BO11*100 -> 0 | BR12: =IFERROR(IF(BQ12<BD12,"Perbaiakan",IF(BQ12>=BD12,"Pengayaan","")),"") -> Pengayaan
A13: 2 | B13: Adrian Pratama Putra | E13: 70 | F13: 0 | G13: 2 | H13: 2 | I13: 2 | J13: 2 | Q13: =SUM(F13:O13) -> 8 | R13: =Q13/P11*100 -> 80 | S13: =IFERROR(IF(R13<E13,"Perbaiakan",IF(R13>=E13,"Pengayaan","")),"") -> Pengayaan | T13: 90 | U13: 90 | V13: Tuntas | AC13: Pengayaan | AD13: 80 | AE13: 80 | AF13: Tuntas | AG13: Pengayaan | AH13: 100 | AI13: 100 | AJ13: Tuntas | AO13: 60 | AP13: 1 | AQ13: 1 | AR13: 1 | AS13: 1 | AT13: 1 | AU13: 1 | BA13: =SUM(AP13:AY13) -> 6 | BB13: =BA13/AZ11*100 -> 54.545455 | BC13: =IFERROR(IF(BB13<AO13,"Perbaiakan",IF(BB13>=AO13,"Pengayaan","")),"") -> Perbaiakan | BP13: =SUM(BE13:BN13) -> 0 | BQ13: =BP13/BO11*100 -> 0 | BR13: =IFERROR(IF(BQ13<BD13,"Perbaiakan",IF(BQ13>=BD13,"Pengayaan","")),"") -> Pengayaan
A14: 3 | B14: AFRIZAL HERDIANSAH | E14: 70 | F14: 2 | G14: 0 | H14: 2 | I14: 2 | J14: 2 | Q14: =SUM(F14:O14) -> 8 | R14: =Q14/P11*100 -> 80 | S14: =IFERROR(IF(R14<E14,"Perbaikan",IF(R14>=E14,"Pengayaan","")),"") -> Pengayaan | T14: 85 | U14: 85 | V14: Tuntas | AC14: Pengayaan | AD14: 80 | AE14: 80 | AF14: Tuntas | AG14: Pengayaan | AH14: 80 | AI14: 80 | AJ14: Tuntas | BA14: =SUM(AP14:AY14) -> 0 | BB14: =BA14/AZ11*100 -> 0 | BC14: =IFERROR(IF(BB14<AO14,"Perbaiakan",IF(BB14>=AO14,"Pengayaan","")),"") -> Pengayaan | BP14: =SUM(BE14:BN14) -> 0 | BQ14: =BP14/BO11*100 -> 0 | BR14: =IFERROR(IF(BQ14<BD14,"Perbaiakan",IF(BQ14>=BD14,"Pengayaan","")),"") -> Pengayaan
A15: 4 | B15: Alif Zuanka Ramadani | E15: 70 | F15: 2 | G15: 2 | H15: 2 | I15: 0 | J15: 2 | Q15: =SUM(F15:O15) -> 8 | R15: =Q15/P11*100 -> 80 | S15: =IFERROR(IF(R15<E15,"Perbaiakan",IF(R15>=E15,"Pengayaan","")),"") -> Pengayaan | T15: 90 | U15: 90 | V15: Tuntas | AC15: Pengayaan | AD15: 80 | AE15: 80 | AF15: Tuntas | AG15: Pengayaan | AH15: 100 | AI15: 100 | AJ15: Tuntas | BA15: =SUM(AP15:AY15) -> 0 | BB15: =BA15/AZ11*100 -> 0 | BC15: =IFERROR(IF(BB15<AO15,"Perbaiakan",IF(BB15>=AO15,"Pengayaan","")),"") -> Pengayaan | BP15: =SUM(BE15:BN15) -> 0 | BQ15: =BP15/BO11*100 -> 0 | BR15: =IFERROR(IF(BQ15<BD15,"Perbaiakan",IF(BQ15>=BD15,"Pengayaan","")),"") -> Pengayaan
A16: 5 | B16: Alik Pramana | E16: 70 | F16: 0 | G16: 0 | H16: 2 | I16: 2 | J16: 0 | Q16: =SUM(F16:O16) -> 4 | R16: =Q16/P11*100 -> 40 | S16: =IFERROR(IF(R16<E16,"Perbaikan",IF(R16>=E16,"Pengayaan","")),"") -> Perbaikan | T16: 55 | U16: 70 | V16: Tuntas | AC16: Pengayaan | AD16: 80 | AE16: 80 | AF16: Tuntas | AG16: Perbaikan | AH16: 60 | AI16: 70 | AJ16: Tuntas | BA16: =SUM(AP16:AY16) -> 0 | BB16: =BA16/AZ11*100 -> 0 | BC16: =IFERROR(IF(BB16<AO16,"Perbaiakan",IF(BB16>=AO16,"Pengayaan","")),"") -> Pengayaan | BP16: =SUM(BE16:BN16) -> 0 | BQ16: =BP16/BO11*100 -> 0 | BR16: =IFERROR(IF(BQ16<BD16,"Perbaiakan",IF(BQ16>=BD16,"Pengayaan","")),"") -> Pengayaan
A17: 6 | B17: Alya Novitasari | E17: 70 | F17: 2 | G17: 2 | H17: 2 | I17: 2 | J17: 0 | Q17: =SUM(F17:O17) -> 8 | R17: =Q17/P11*100 -> 80 | S17: =IFERROR(IF(R17<E17,"Perbaiakan",IF(R17>=E17,"Pengayaan","")),"") -> Pengayaan | T17: 90 | U17: 90 | V17: Tuntas | AC17: Perbaikan | AD17: 60 | AE17: 70 | AF17: Tuntas | AG17: Pengayaan | AH17: 80 | AI17: 80 | AJ17: Tuntas | BA17: =SUM(AP17:AY17) -> 0 | BB17: =BA17/AZ11*100 -> 0 | BC17: =IFERROR(IF(BB17<AO17,"Perbaiakan",IF(BB17>=AO17,"Pengayaan","")),"") -> Pengayaan | BP17: =SUM(BE17:BN17) -> 0 | BQ17: =BP17/BO11*100 -> 0 | BR17: =IFERROR(IF(BQ17<BD17,"Perbaiakan",IF(BQ17>=BD17,"Pengayaan","")),"") -> Pengayaan
A18: 7 | B18: Anindita Keisha Zahra | E18: 70 | F18: 2 | G18: 2 | H18: 2 | I18: 2 | J18: 0 | Q18: =SUM(F18:O18) -> 8 | R18: =Q18/P11*100 -> 80 | S18: =IFERROR(IF(R18<E18,"Perbaiakan",IF(R18>=E18,"Pengayaan","")),"") -> Pengayaan | T18: 75 | U18: 75 | V18: Tuntas | AC18: Pengayaan | AD18: 80 | AE18: 80 | AF18: Tuntas | AG18: Pengayaan | AH18: 80 | AI18: 80 | AJ18: Tuntas | BA18: =SUM(AP18:AY18) -> 0 | BB18: =BA18/AZ11*100 -> 0 | BC18: =IFERROR(IF(BB18<AO18,"Perbaiakan",IF(BB18>=AO18,"Pengayaan","")),"") -> Pengayaan | BP18: =SUM(BE18:BN18) -> 0 | BQ18: =BP18/BO11*100 -> 0 | BR18: =IFERROR(IF(BQ18<BD18,"Perbaiakan",IF(BQ18>=BD18,"Pengayaan","")),"") -> Pengayaan
A19: 8 | B19: AQILLA FARIZA FIRMANSYAH | E19: 70 | F19: 2 | G19: 2 | H19: 2 | I19: 2 | J19: 2 | Q19: =SUM(F19:O19) -> 10 | R19: =Q19/P11*100 -> 100 | S19: =IFERROR(IF(R19<E19,"Perbaiakan",IF(R19>=E19,"Pengayaan","")),"") -> Pengayaan | T19: 75 | U19: 75 | V19: Tuntas | AC19: Pengayaan | AD19: 80 | AE19: 80 | AF19: Tuntas | AG19: Pengayaan | AH19: 80 | AI19: 80 | AJ19: Tuntas | BA19: =SUM(AP19:AY19) -> 0 | BB19: =BA19/AZ11*100 -> 0 | BC19: =IFERROR(IF(BB19<AO19,"Perbaiakan",IF(BB19>=AO19,"Pengayaan","")),"") -> Pengayaan | BP19: =SUM(BE19:BN19) -> 0 | BQ19: =BP19/BO11*100 -> 0 | BR19: =IFERROR(IF(BQ19<BD19,"Perbaiakan",IF(BQ19>=BD19,"Pengayaan","")),"") -> Pengayaan
A20: 9 | B20: Arkan Al Ghifari | E20: 70 | F20: 2 | G20: 2 | H20: 2 | I20: 0 | J20: 2 | Q20: =SUM(F20:O20) -> 8 | R20: =Q20/P11*100 -> 80 | S20: Perbaikan | T20: 85 | U20: 70 | V20: Tuntas | AC20: Pengayaan | AD20: 80 | AE20: 80 | AF20: Tuntas | AG20: Pengayaan | AH20: 80 | AI20: 80 | AJ20: Tuntas | BA20: =SUM(AP20:AY20) -> 0 | BB20: =BA20/AZ11*100 -> 0 | BC20: =IFERROR(IF(BB20<AO20,"Perbaiakan",IF(BB20>=AO20,"Pengayaan","")),"") -> Pengayaan | BP20: =SUM(BE20:BN20) -> 0 | BQ20: =BP20/BO11*100 -> 0 | BR20: =IFERROR(IF(BQ20<BD20,"Perbaiakan",IF(BQ20>=BD20,"Pengayaan","")),"") -> Pengayaan
A21: 10 | B21: Desti Amelia Putri | E21: 70 | F21: 0 | G21: 0 | H21: 2 | I21: 0 | J21: 0 | Q21: =SUM(F21:O21) -> 2 | R21: =Q21/P11*100 -> 20 | S21: Pengayaan | T21: 70 | U21: 75 | V21: Tuntas | AC21: Perbaikan | AD21: 0 | AE21: 70 | AF21: Tuntas | AG21: Perbaikan | AH21: 0 | AI21: 70 | AJ21: Tuntas | BA21: =SUM(AP21:AY21) -> 0 | BB21: =BA21/AZ11*100 -> 0 | BC21: =IFERROR(IF(BB21<AO21,"Perbaiakan",IF(BB21>=AO21,"Pengayaan","")),"") -> Pengayaan | BP21: =SUM(BE21:BN21) -> 0 | BQ21: =BP21/BO11*100 -> 0 | BR21: =IFERROR(IF(BQ21<BD21,"Perbaiakan",IF(BQ21>=BD21,"Pengayaan","")),"") -> Pengayaan
A22: 11 | B22: Dimas Parel | E22: 70 | F22: 0 | G22: 0 | H22: 2 | I22: 2 | J22: 0 | Q22: =SUM(F22:O22) -> 4 | R22: =Q22/P11*100 -> 40 | S22: Pengayaan | T22: 50 | U22: 90 | V22: Tuntas | AC22: Perbaikan | AD22: 60 | AE22: 70 | AF22: Tuntas | AG22: Perbaikan | AH22: 60 | AI22: 70 | AJ22: Tuntas | BA22: =SUM(AP22:AY22) -> 0 | BB22: =BA22/AZ11*100 -> 0 | BC22: =IFERROR(IF(BB22<AO22,"Perbaiakan",IF(BB22>=AO22,"Pengayaan","")),"") -> Pengayaan | BP22: =SUM(BE22:BN22) -> 0 | BQ22: =BP22/BO11*100 -> 0 | BR22: =IFERROR(IF(BQ22<BD22,"Perbaiakan",IF(BQ22>=BD22,"Pengayaan","")),"") -> Pengayaan
A23: 12 | B23: DZAKY IZWAR RAMADHAN | E23: 70 | F23: 2 | G23: 0 | H23: 0 | I23: 2 | J23: 2 | Q23: =SUM(F23:O23) -> 6 | R23: =Q23/P11*100 -> 60 | S23: Pengayaan | T23: 85 | U23: 85 | V23: Tuntas | AC23: Perbaikan | AD23: 40 | AE23: 70 | AF23: Tuntas | AG23: Pengayaan | AH23: 100 | AI23: 100 | AJ23: Tuntas | BA23: =SUM(AP23:AY23) -> 0 | BB23: =BA23/AZ11*100 -> 0 | BC23: =IFERROR(IF(BB23<AO23,"Perbaiakan",IF(BB23>=AO23,"Pengayaan","")),"") -> Pengayaan | BP23: =SUM(BE23:BN23) -> 0 | BQ23: =BP23/BO11*100 -> 0 | BR23: =IFERROR(IF(BQ23<BD23,"Perbaiakan",IF(BQ23>=BD23,"Pengayaan","")),"") -> Pengayaan
A24: 13 | B24: Geneva Rahmi Agustina | E24: 70 | F24: 2 | G24: 2 | H24: 2 | I24: 2 | J24: 2 | Q24: =SUM(F24:J24) -> 10 | R24: =Q24/P11*100 -> 100 | S24: Pengayaan | T24: 95 | U24: 95 | V24: Tuntas | AC24: Pengayaan | AD24: 80 | AE24: 80 | AF24: Tuntas | AG24: Pengayaan | AH24: 80 | AI24: 80 | AJ24: Tuntas | BA24: =SUM(AP24:AY24) -> 0 | BB24: =BA24/AZ11*100 -> 0 | BC24: =IFERROR(IF(BB24<AO24,"Perbaiakan",IF(BB24>=AO24,"Pengayaan","")),"") -> Pengayaan | BP24: =SUM(BE24:BN24) -> 0 | BQ24: =BP24/BO11*100 -> 0 | BR24: =IFERROR(IF(BQ24<BD24,"Perbaiakan",IF(BQ24>=BD24,"Pengayaan","")),"") -> Pengayaan
A25: 14 | B25: KANAYA AZAHRA | E25: 70 | F25: 2 | G25: 2 | H25: 2 | I25: 2 | J25: 2 | Q25: =SUM(F25:O25) -> 10 | R25: =Q25/P11*100 -> 100 | S25: Pengayaan | T25: 90 | U25: 90 | V25: Tuntas | AC25: Pengayaan | AD25: 80 | AE25: 80 | AF25: Tuntas | AG25: Pengayaan | AH25: 100 | AI25: 100 | AJ25: Tuntas | BA25: =SUM(AP25:AY25) -> 0 | BB25: =BA25/AZ11*100 -> 0 | BC25: =IFERROR(IF(BB25<AO25,"Perbaiakan",IF(BB25>=AO25,"Pengayaan","")),"") -> Pengayaan | BP25: =SUM(BE25:BN25) -> 0 | BQ25: =BP25/BO11*100 -> 0 | BR25: =IFERROR(IF(BQ25<BD25,"Perbaiakan",IF(BQ25>=BD25,"Pengayaan","")),"") -> Pengayaan
A26: 15 | B26: Kanaya Valery Wibawa | E26: 70 | F26: 0 | G26: 2 | H26: 2 | I26: 2 | J26: 2 | Q26: =SUM(F26:O26) -> 8 | R26: =Q26/P11*100 -> 80 | S26: Pengayaan | T26: 90 | U26: 90 | V26: Tuntas | AC26: Perbaikan | AD26: 60 | AE26: 70 | AF26: Tuntas | AG26: Pengayaan | AH26: 80 | AI26: 80 | AJ26: Tuntas | BA26: =SUM(AP26:AY26) -> 0 | BB26: =BA26/AZ11*100 -> 0 | BC26: =IFERROR(IF(BB26<AO26,"Perbaiakan",IF(BB26>=AO26,"Pengayaan","")),"") -> Pengayaan | BP26: =SUM(BE26:BN26) -> 0 | BQ26: =BP26/BO11*100 -> 0 | BR26: =IFERROR(IF(BQ26<BD26,"Perbaiakan",IF(BQ26>=BD26,"Pengayaan","")),"") -> Pengayaan
A27: 16 | B27: KAYLA FAUZIYAH PUTRI | E27: 70 | F27: 0 | G27: 0 | H27: 0 | I27: 2 | J27: 2 | Q27: =SUM(F27:O27) -> 4 | R27: =Q27/P11*100 -> 40 | S27: Pengayaan | T27: 85 | U27: 85 | V27: Tuntas | AC27: Perbaikan | AD27: 60 | AE27: 70 | AF27: Tuntas | AG27: Pengayaan | AH27: 100 | AI27: 100 | AJ27: Tuntas | BA27: =SUM(AP27:AY27) -> 0 | BB27: =BA27/AZ11*100 -> 0 | BC27: =IFERROR(IF(BB27<AO27,"Perbaiakan",IF(BB27>=AO27,"Pengayaan","")),"") -> Pengayaan | BP27: =SUM(BE27:BN27) -> 0 | BQ27: =BP27/BO11*100 -> 0 | BR27: =IFERROR(IF(BQ27<BD27,"Perbaiakan",IF(BQ27>=BD27,"Pengayaan","")),"") -> Pengayaan
A28: 17 | B28: Meisya Indirawati | E28: 70 | F28: 2 | G28: 2 | H28: 2 | I28: 2 | J28: 2 | Q28: =SUM(F28:O28) -> 10 | R28: =Q28/P11*100 -> 100 | S28: Pengayaan | T28: 90 | U28: 90 | V28: Tuntas | AC28: Perbaikan | AD28: 60 | AE28: 70 | AF28: Tuntas | AG28: Pengayaan | AH28: 100 | AI28: 100 | AJ28: Tuntas | BA28: =SUM(AP28:AY28) -> 0 | BB28: =BA28/AZ11*100 -> 0 | BC28: =IFERROR(IF(BB28<AO28,"Perbaiakan",IF(BB28>=AO28,"Pengayaan","")),"") -> Pengayaan | BP28: =SUM(BE28:BN28) -> 0 | BQ28: =BP28/BO11*100 -> 0 | BR28: =IFERROR(IF(BQ28<BD28,"Perbaiakan",IF(BQ28>=BD28,"Pengayaan","")),"") -> Pengayaan
A29: 18 | B29: PUTRI ANDINI | E29: 70 | F29: 0 | G29: 2 | H29: 2 | I29: 2 | J29: 0 | Q29: =SUM(F29:O29) -> 6 | R29: =Q29/P11*100 -> 60 | S29: =IFERROR(IF(R29<E29,"Perbaikan",IF(R29>=E29,"Pengayaan","")),"") -> Perbaikan | T29: 50 | U29: 70 | V29: Tuntas | AC29: Pengayaan | AD29: 80 | AE29: 80 | AF29: Tuntas | AG29: Pengayaan | AH29: 100 | AI29: 100 | AJ29: Tuntas | BA29: =SUM(AP29:AY29) -> 0 | BB29: =BA29/AZ11*100 -> 0 | BC29: =IFERROR(IF(BB29<AO29,"Perbaiakan",IF(BB29>=AO29,"Pengayaan","")),"") -> Pengayaan | BP29: =SUM(BE29:BN29) -> 0 | BQ29: =BP29/BO11*100 -> 0 | BR29: =IFERROR(IF(BQ29<BD29,"Perbaiakan",IF(BQ29>=BD29,"Pengayaan","")),"") -> Pengayaan
B32: Mengetahui | U32: Banjar, Agustus 2025 | AG32: Banjar, Agustus 2025 | AQ32: =AI32 -> 0 | BK32: =#REF! -> #REF!
B33: Kepala UPTD SDN 1 Sukamukti | U33: Guru PAdBP | AG33: Guru PAdBP | AQ33: =AI33 -> 0 | BK33: =#REF! -> #REF!
B37: DUDUNG, S.Pd.SD | U37: ANISA NURBASARI, S.Pd.I | AG37: ANISA NURBASARI, S.Pd.I | AQ37: =AI37 -> 0 | BK37: =#REF! -> #REF!
B38: NIP. 197111101993071001 | U38: NIP. 198702092019032004 | AG38: NIP. 198702092019032004 | AQ38: =AI38 -> 0 | BK38: =#REF! -> #REF!

Sheet Program Remedial Kelas 4 b.
F1: PROGRAM REMEDIAL DAN PENGAYAAN | AH1: =F1 -> PROGRAM REMEDIAL DAN PENGAYAAN | AP1: =AH1 -> PROGRAM REMEDIAL DAN PENGAYAAN
F2: TAHUN PELAJARAN 2025 / 2026 | AH2: =F2 -> TAHUN PELAJARAN 2025 / 2026 | AP2: =AH2 -> TAHUN PELAJARAN 2025 / 2026
H4: : | I4: IV A/1 | S4: Kelas / Semester | T4: : IV B/1 | AH4: Kelas / Semester | AP4: Kelas / Semester | AV4: : | AW4: =#REF! -> #REF!
H5: : | I5: ='oke Lingk. 1'!L5 -> 0 | S5: Mata Pelajaran | T5: : PAI dan Budi Pekerti | AH5: Mata Pelajaran | AP5: Mata Pelajaran | AV5: : | AW5: =#REF! -> #REF!
H6: : | I6: Mari Kita Mengaji dan Mengkaji Q.S. Al-Ḥujurāt/49:13 dan Hadis Keragaman | S6: Materi Pokok | T6: : Mari Kita Mengaji dan Mengkaji Q.S. Al-Ḥujurāt/49:13 dan Hadis Keragaman | AH6: Lingkup Materi | AP6: Lingkup Materi | AV6: : | AW6: {=S6T6} -> #NAME?
A8: NO | B8: NAMA SISWA | E8: Kode TP 1 | S8: Alqur'an dan Hadis | AC8: Kode B.2 | AG8: Kode B.3 | AO8: Kode TP …......... | BD8: Kode TP ….........
E9: Nilai Minimal | F9: 1 | G9: 2 | H9: 3 | I9: 4 | J9: 5 | K9: 6 | L9: 7 | M9: 8 | N9: 9 | O9: 10 | Q9: Skor | R9: Nilai Akhir | S9: Jenis Program | T9: Nilai Sebelum Pengayaan | U9: Nilai Sesudah Pengayaan | V9: Keterangan | W9: 6 | X9: 7 | Y9: 8 | Z9: 9 | AA9: 10 | AC9: Jenis Program | AD9: Nilai Sebelum Pengayaan | AE9: Nilai Sesudah Pengayaan | AF9: Keterangan | AG9: Jenis Program | AH9: Nilai Sebelum Pengayaan | AI9: Nilai Sesudah Pengayaan | AJ9: Keterangan | AO9: Nilai Minimal | AP9: 1 | AQ9: 2 | AR9: 3 | AS9: 4 | AT9: 5 | AU9: 6 | AV9: 7 | AW9: 8 | AX9: 9 | AY9: 10 | BA9: Skor | BB9: Nilai Akhir | BC9: Tindak Lanjut | BD9: Nilai Minimal | BE9: 1 | BF9: 2 | BG9: 3 | BH9: 4 | BI9: 5 | BJ9: 6 | BK9: 7 | BL9: 8 | BM9: 9 | BN9: 10 | BP9: Skor | BQ9: Nilai Akhir | BR9: Tindak Lanjut
F10: Skor Maks Tiap Soal | AP10: Skor Maksimal Tiap Soal | BE10: Skor Maksimal Tiap Soal
F11: 2 | G11: 2 | H11: 2 | I11: 2 | J11: 2 | K11: 1 | L11: 1 | M11: 1 | N11: 1 | O11: 2 | P11: 10 | X11: 1 | Y11: 1 | Z11: 1 | AA11: 2 | AP11: 1 | AQ11: 1 | AR11: 1 | AS11: 1 | AT11: 1 | AU11: 1 | AV11: 1 | AW11: 1 | AX11: 1 | AY11: 2 | AZ11: =SUM(AP11:AY11) -> 11 | BE11: 1 | BF11: 1 | BG11: 1 | BH11: 1 | BI11: 1 | BJ11: 1 | BK11: 1 | BL11: 1 | BM11: 1 | BN11: 2 | BO11: =SUM(BE11:BN11) -> 11
A12: 1 | B12: FAREL ALDIYANSYAH | E12: 70 | F12: 0 | G12: 2 | H12: 2 | I12: 2 | J12: 0 | Q12: =SUM(F12:O12) -> 6 | R12: =Q12/P11*100 -> 60 | S12: Pengayaan | T12: 85 | U12: 85 | V12: Tuntas | AC12: Pengayaan | AD12: 80 | AE12: 80 | AF12: Tuntas | AG12: Pengayaan | AH12: 80 | AI12: 80 | AJ12: Tuntas | AO12: 65 | AP12: 1 | AQ12: 1 | AR12: 1 | AS12: 1 | AT12: 1 | AU12: 1 | AV12: 1 | AW12: 1 | AX12: 1 | AY12: 2 | BA12: =SUM(AP12:AY12) -> 11 | BB12: =BA12/AZ11*100 -> 100 | BC12: =IFERROR(IF(BB12<AO12,"Perbaiakan",IF(BB12>=AO12,"Pengayaan","")),"") -> Pengayaan | BP12: =SUM(BE12:BN12) -> 0 | BQ12: =BP12/BO11*100 -> 0 | BR12: =IFERROR(IF(BQ12<BD12,"Perbaiakan",IF(BQ12>=BD12,"Pengayaan","")),"") -> Pengayaan
A13: 2 | B13: Fathurahman Diaz Arbany | E13: 70 | F13: 0 | G13: 2 | H13: 2 | I13: 2 | J13: 2 | Q13: =SUM(F13:O13) -> 8 | R13: =Q13/P11*100 -> 80 | S13: Pengayaan | T13: 90 | U13: 90 | V13: Tuntas | AC13: Pengayaan | AD13: 80 | AE13: 80 | AF13: Tuntas | AG13: Pengayaan | AH13: 100 | AI13: 100 | AJ13: Tuntas | AO13: 60 | AP13: 1 | AQ13: 1 | AR13: 1 | AS13: 1 | AT13: 1 | AU13: 1 | BA13: =SUM(AP13:AY13) -> 6 | BB13: =BA13/AZ11*100 -> 54.545455 | BC13: =IFERROR(IF(BB13<AO13,"Perbaiakan",IF(BB13>=AO13,"Pengayaan","")),"") -> Perbaiakan | BP13: =SUM(BE13:BN13) -> 0 | BQ13: =BP13/BO11*100 -> 0 | BR13: =IFERROR(IF(BQ13<BD13,"Perbaiakan",IF(BQ13>=BD13,"Pengayaan","")),"") -> Pengayaan
A14: 3 | B14: Hamdan Muttaqin | E14: 70 | F14: 2 | G14: 0 | H14: 2 | I14: 2 | J14: 2 | Q14: =SUM(F14:O14) -> 8 | R14: =Q14/P11*100 -> 80 | S14: Pengayaan | T14: 90 | U14: 90 | V14: Tuntas | AC14: Pengayaan | AD14: 80 | AE14: 80 | AF14: Tuntas | AG14: Pengayaan | AH14: 80 | AI14: 80 | AJ14: Tuntas | BA14: =SUM(AP14:AY14) -> 0 | BB14: =BA14/AZ11*100 -> 0 | BC14: =IFERROR(IF(BB14<AO14,"Perbaiakan",IF(BB14>=AO14,"Pengayaan","")),"") -> Pengayaan | BP14: =SUM(BE14:BN14) -> 0 | BQ14: =BP14/BO11*100 -> 0 | BR14: =IFERROR(IF(BQ14<BD14,"Perbaiakan",IF(BQ14>=BD14,"Pengayaan","")),"") -> Pengayaan
A15: 4 | B15: MUHAMMAD IMAM MAULANA | E15: 70 | F15: 2 | G15: 2 | H15: 2 | I15: 0 | J15: 2 | Q15: =SUM(F15:O15) -> 8 | R15: =Q15/P11*100 -> 80 | S15: Perbaikan | T15: 55 | U15: 70 | V15: Tuntas | AC15: Pengayaan | AD15: 80 | AE15: 80 | AF15: Tuntas | AG15: Pengayaan | AH15: 100 | AI15: 100 | AJ15: Tuntas | BA15: =SUM(AP15:AY15) -> 0 | BB15: =BA15/AZ11*100 -> 0 | BC15: =IFERROR(IF(BB15<AO15,"Perbaiakan",IF(BB15>=AO15,"Pengayaan","")),"") -> Pengayaan | BP15: =SUM(BE15:BN15) -> 0 | BQ15: =BP15/BO11*100 -> 0 | BR15: =IFERROR(IF(BQ15<BD15,"Perbaiakan",IF(BQ15>=BD15,"Pengayaan","")),"") -> Pengayaan
A16: 5 | B16: MUHAMMAD REZA ADITYA | E16: 70 | F16: 0 | G16: 0 | H16: 2 | I16: 2 | J16: 0 | Q16: =SUM(F16:O16) -> 4 | R16: =Q16/P11*100 -> 40 | S16: Pengayaan | T16: 75 | U16: 75 | V16: Tuntas | AC16: Pengayaan | AD16: 80 | AE16: 80 | AF16: Tuntas | AG16: Perbaikan | AH16: 60 | AI16: 70 | AJ16: Tuntas | BA16: =SUM(AP16:AY16) -> 0 | BB16: =BA16/AZ11*100 -> 0 | BC16: =IFERROR(IF(BB16<AO16,"Perbaiakan",IF(BB16>=AO16,"Pengayaan","")),"") -> Pengayaan | BP16: =SUM(BE16:BN16) -> 0 | BQ16: =BP16/BO11*100 -> 0 | BR16: =IFERROR(IF(BQ16<BD16,"Perbaiakan",IF(BQ16>=BD16,"Pengayaan","")),"") -> Pengayaan
A17: 6 | B17: RAISA WINDRIYANI | E17: 70 | F17: 2 | G17: 2 | H17: 2 | I17: 2 | J17: 0 | Q17: =SUM(F17:O17) -> 8 | R17: =Q17/P11*100 -> 80 | S17: Pengayaan | T17: 90 | U17: 90 | V17: Tuntas | AC17: Perbaikan | AD17: 60 | AE17: 70 | AF17: Tuntas | AG17: Pengayaan | AH17: 80 | AI17: 80 | AJ17: Tuntas | BA17: =SUM(AP17:AY17) -> 0 | BB17: =BA17/AZ11*100 -> 0 | BC17: =IFERROR(IF(BB17<AO17,"Perbaiakan",IF(BB17>=AO17,"Pengayaan","")),"") -> Pengayaan | BP17: =SUM(BE17:BN17) -> 0 | BQ17: =BP17/BO11*100 -> 0 | BR17: =IFERROR(IF(BQ17<BD17,"Perbaiakan",IF(BQ17>=BD17,"Pengayaan","")),"") -> Pengayaan
A18: 7 | B18: Raivania Ramdani | E18: 70 | F18: 2 | G18: 2 | H18: 2 | I18: 2 | J18: 0 | Q18: =SUM(F18:O18) -> 8 | R18: =Q18/P11*100 -> 80 | S18: Pengayaan | T18: 75 | U18: 75 | V18: Tuntas | AC18: Pengayaan | AD18: 80 | AE18: 80 | AF18: Tuntas | AG18: Pengayaan | AH18: 80 | AI18: 80 | AJ18: Tuntas | BA18: =SUM(AP18:AY18) -> 0 | BB18: =BA18/AZ11*100 -> 0 | BC18: =IFERROR(IF(BB18<AO18,"Perbaiakan",IF(BB18>=AO18,"Pengayaan","")),"") -> Pengayaan | BP18: =SUM(BE18:BN18) -> 0 | BQ18: =BP18/BO11*100 -> 0 | BR18: =IFERROR(IF(BQ18<BD18,"Perbaiakan",IF(BQ18>=BD18,"Pengayaan","")),"") -> Pengayaan
A19: 8 | B19: Rangga Gustian Haryanto | E19: 70 | F19: 2 | G19: 2 | H19: 2 | I19: 2 | J19: 2 | Q19: =SUM(F19:O19) -> 10 | R19: =Q19/P11*100 -> 100 | S19: Pengayaan | T19: 75 | U19: 75 | V19: Tuntas | AC19: Pengayaan | AD19: 80 | AE19: 80 | AF19: Tuntas | AG19: Pengayaan | AH19: 80 | AI19: 80 | AJ19: Tuntas | BA19: =SUM(AP19:AY19) -> 0 | BB19: =BA19/AZ11*100 -> 0 | BC19: =IFERROR(IF(BB19<AO19,"Perbaiakan",IF(BB19>=AO19,"Pengayaan","")),"") -> Pengayaan | BP19: =SUM(BE19:BN19) -> 0 | BQ19: =BP19/BO11*100 -> 0 | BR19: =IFERROR(IF(BQ19<BD19,"Perbaiakan",IF(BQ19>=BD19,"Pengayaan","")),"") -> Pengayaan
A20: 9 | B20: REVA ROSLIANA | E20: 70 | F20: 2 | G20: 2 | H20: 2 | I20: 0 | J20: 2 | Q20: =SUM(F20:O20) -> 8 | R20: =Q20/P11*100 -> 80 | S20: Perbaikan | T20: 60 | U20: 70 | V20: Tuntas | AC20: Pengayaan | AD20: 80 | AE20: 80 | AF20: Tuntas | AG20: Pengayaan | AH20: 80 | AI20: 80 | AJ20: Tuntas | BA20: =SUM(AP20:AY20) -> 0 | BB20: =BA20/AZ11*100 -> 0 | BC20: =IFERROR(IF(BB20<AO20,"Perbaiakan",IF(BB20>=AO20,"Pengayaan","")),"") -> Pengayaan | BP20: =SUM(BE20:BN20) -> 0 | BQ20: =BP20/BO11*100 -> 0 | BR20: =IFERROR(IF(BQ20<BD20,"Perbaiakan",IF(BQ20>=BD20,"Pengayaan","")),"") -> Pengayaan
A21: 10 | B21: RIFAAZKIA SHAQILA NAFISA | E21: 70 | F21: 0 | G21: 0 | H21: 2 | I21: 0 | J21: 0 | Q21: =SUM(F21:O21) -> 2 | R21: =Q21/P11*100 -> 20 | S21: Pengayaan | T21: 80 | U21: 80 | V21: Tuntas | AC21: Perbaikan | AD21: 0 | AE21: 70 | AF21: Tuntas | AG21: Perbaikan | AH21: 0 | AI21: 70 | AJ21: Tuntas | BA21: =SUM(AP21:AY21) -> 0 | BB21: =BA21/AZ11*100 -> 0 | BC21: =IFERROR(IF(BB21<AO21,"Perbaiakan",IF(BB21>=AO21,"Pengayaan","")),"") -> Pengayaan | BP21: =SUM(BE21:BN21) -> 0 | BQ21: =BP21/BO11*100 -> 0 | BR21: =IFERROR(IF(BQ21<BD21,"Perbaiakan",IF(BQ21>=BD21,"Pengayaan","")),"") -> Pengayaan
A22: 11 | B22: RISMA YULIANTI | E22: 70 | F22: 0 | G22: 0 | H22: 2 | I22: 2 | J22: 0 | Q22: =SUM(F22:O22) -> 4 | R22: =Q22/P11*100 -> 40 | S22: Pengayaan | T22: 80 | U22: 80 | V22: Tuntas | AC22: Perbaikan | AD22: 60 | AE22: 70 | AF22: Tuntas | AG22: Perbaikan | AH22: 60 | AI22: 70 | AJ22: Tuntas | BA22: =SUM(AP22:AY22) -> 0 | BB22: =BA22/AZ11*100 -> 0 | BC22: =IFERROR(IF(BB22<AO22,"Perbaiakan",IF(BB22>=AO22,"Pengayaan","")),"") -> Pengayaan | BP22: =SUM(BE22:BN22) -> 0 | BQ22: =BP22/BO11*100 -> 0 | BR22: =IFERROR(IF(BQ22<BD22,"Perbaiakan",IF(BQ22>=BD22,"Pengayaan","")),"") -> Pengayaan
A23: 12 | B23: Safaringga | E23: 70 | F23: 2 | G23: 0 | H23: 0 | I23: 2 | J23: 2 | Q23: =SUM(F23:O23) -> 6 | R23: =Q23/P11*100 -> 60 | S23: Pengayaan | T23: 85 | U23: 85 | V23: Tuntas | AC23: Perbaikan | AD23: 40 | AE23: 70 | AF23: Tuntas | AG23: Pengayaan | AH23: 100 | AI23: 100 | AJ23: Tuntas | BA23: =SUM(AP23:AY23) -> 0 | BB23: =BA23/AZ11*100 -> 0 | BC23: =IFERROR(IF(BB23<AO23,"Perbaiakan",IF(BB23>=AO23,"Pengayaan","")),"") -> Pengayaan | BP23: =SUM(BE23:BN23) -> 0 | BQ23: =BP23/BO11*100 -> 0 | BR23: =IFERROR(IF(BQ23<BD23,"Perbaiakan",IF(BQ23>=BD23,"Pengayaan","")),"") -> Pengayaan
A24: 13 | B24: SALSABILA MERRY TRIYANI | E24: 70 | F24: 2 | G24: 2 | H24: 2 | I24: 2 | J24: 2 | Q24: =SUM(F24:J24) -> 10 | R24: =Q24/P11*100 -> 100 | S24: Perbaikan | T24: 55 | U24: 75 | V24: Tuntas | AC24: Pengayaan | AD24: 80 | AE24: 80 | AF24: Tuntas | AG24: Pengayaan | AH24: 80 | AI24: 80 | AJ24: Tuntas | BA24: =SUM(AP24:AY24) -> 0 | BB24: =BA24/AZ11*100 -> 0 | BC24: =IFERROR(IF(BB24<AO24,"Perbaiakan",IF(BB24>=AO24,"Pengayaan","")),"") -> Pengayaan | BP24: =SUM(BE24:BN24) -> 0 | BQ24: =BP24/BO11*100 -> 0 | BR24: =IFERROR(IF(BQ24<BD24,"Perbaiakan",IF(BQ24>=BD24,"Pengayaan","")),"") -> Pengayaan
A25: 14 | B25: SHELI RAMADHANI | E25: 70 | F25: 2 | G25: 2 | H25: 2 | I25: 2 | J25: 2 | Q25: =SUM(F25:O25) -> 10 | R25: =Q25/P11*100 -> 100 | S25: Pengayaan | T25: 90 | U25: 90 | V25: Tuntas | AC25: Pengayaan | AD25: 80 | AE25: 80 | AF25: Tuntas | AG25: Pengayaan | AH25: 100 | AI25: 100 | AJ25: Tuntas | BA25: =SUM(AP25:AY25) -> 0 | BB25: =BA25/AZ11*100 -> 0 | BC25: =IFERROR(IF(BB25<AO25,"Perbaiakan",IF(BB25>=AO25,"Pengayaan","")),"") -> Pengayaan | BP25: =SUM(BE25:BN25) -> 0 | BQ25: =BP25/BO11*100 -> 0 | BR25: =IFERROR(IF(BQ25<BD25,"Perbaiakan",IF(BQ25>=BD25,"Pengayaan","")),"") -> Pengayaan
A26: 15 | B26: Silvia Salsabilla | E26: 70 | F26: 0 | G26: 2 | H26: 2 | I26: 2 | J26: 2 | Q26: =SUM(F26:O26) -> 8 | R26: =Q26/P11*100 -> 80 | S26: Pengayaan | T26: 90 | U26: 90 | V26: Tuntas | AC26: Perbaikan | AD26: 60 | AE26: 70 | AF26: Tuntas | AG26: Pengayaan | AH26: 80 | AI26: 80 | AJ26: Tuntas | BA26: =SUM(AP26:AY26) -> 0 | BB26: =BA26/AZ11*100 -> 0 | BC26: =IFERROR(IF(BB26<AO26,"Perbaiakan",IF(BB26>=AO26,"Pengayaan","")),"") -> Pengayaan | BP26: =SUM(BE26:BN26) -> 0 | BQ26: =BP26/BO11*100 -> 0 | BR26: =IFERROR(IF(BQ26<BD26,"Perbaiakan",IF(BQ26>=BD26,"Pengayaan","")),"") -> Pengayaan
A27: 16 | B27: SINDY RAHAYU | E27: 70 | F27: 0 | G27: 0 | H27: 0 | I27: 2 | J27: 2 | Q27: =SUM(F27:O27) -> 4 | R27: =Q27/P11*100 -> 40 | S27: Pengayaan | T27: 85 | U27: 85 | V27: Tuntas | AC27: Perbaikan | AD27: 60 | AE27: 70 | AF27: Tuntas | AG27: Pengayaan | AH27: 100 | AI27: 100 | AJ27: Tuntas | BA27: =SUM(AP27:AY27) -> 0 | BB27: =BA27/AZ11*100 -> 0 | BC27: =IFERROR(IF(BB27<AO27,"Perbaiakan",IF(BB27>=AO27,"Pengayaan","")),"") -> Pengayaan | BP27: =SUM(BE27:BN27) -> 0 | BQ27: =BP27/BO11*100 -> 0 | BR27: =IFERROR(IF(BQ27<BD27,"Perbaiakan",IF(BQ27>=BD27,"Pengayaan","")),"") -> Pengayaan
A28: 17 | B28: VANIA MEYLISA PUTRI | E28: 70 | F28: 2 | G28: 2 | H28: 2 | I28: 2 | J28: 2 | Q28: =SUM(F28:O28) -> 10 | R28: =Q28/P11*100 -> 100 | S28: Pengayaan | T28: 90 | U28: 90 | V28: Tuntas | AC28: Perbaikan | AD28: 60 | AE28: 70 | AF28: Tuntas | AG28: Pengayaan | AH28: 100 | AI28: 100 | AJ28: Tuntas | BA28: =SUM(AP28:AY28) -> 0 | BB28: =BA28/AZ11*100 -> 0 | BC28: =IFERROR(IF(BB28<AO28,"Perbaiakan",IF(BB28>=AO28,"Pengayaan","")),"") -> Pengayaan | BP28: =SUM(BE28:BN28) -> 0 | BQ28: =BP28/BO11*100 -> 0 | BR28: =IFERROR(IF(BQ28<BD28,"Perbaiakan",IF(BQ28>=BD28,"Pengayaan","")),"") -> Pengayaan
B31: Mengetahui | U31: Banjar, Agustus 2025 | AG31: Banjar, Agustus 2025 | AQ31: =AI31 -> 0 | BK31: =#REF! -> #REF!
B32: Kepala UPTD SDN 1 Sukamukti | U32: Guru PAdBP | AG32: Guru PAdBP | AQ32: =AI32 -> 0 | BK32: =#REF! -> #REF!
B36: DUDUNG, S.Pd.SD | U36: ANISA NURBASARI, S.Pd.I | AG36: ANISA NURBASARI, S.Pd.I | AQ36: =AI36 -> 0 | BK36: =#REF! -> #REF!
B37: NIP. 197111101993071001 | U37: NIP. 198702092019032004 | AG37: NIP. 198702092019032004 | AQ37: =AI37 -> 0 | BK37: =#REF! -> #REF!

Sheet Program Remedial Kelas 3
G1: PROGRAM REMEDIAL DAN PENGAYAAN | AH1: =G1 -> PROGRAM REMEDIAL DAN PENGAYAAN | AP1: =AH1 -> PROGRAM REMEDIAL DAN PENGAYAAN
G2: TAHUN PELAJARAN 2025 / 2026 | AH2: =G2 -> TAHUN PELAJARAN 2025 / 2026 | AP2: =AH2 -> TAHUN PELAJARAN 2025 / 2026
G4: Kelas / Semester | M4: : | N4: I / 1 | Q4: : | R4: I/2 | V4: Kelas / Semester | Y4: : | Z4: I / 1 | AC4: : | AD4: III (Tiga) /1 | AH4: Kelas / Semester | AP4: Kelas / Semester | AV4: : | AW4: =#REF! -> #REF!
G5: Mata Pelajaran | M5: : | N5: PAI dan Budi Pekerti | Q5: : | R5: PAI dan Budi Pekerti | V5: Mata Pelajaran | Y5: : | Z5: PAI dan Budi Pekerti | AC5: : | AD5: PAI dan Budi Pekerti | AH5: Mata Pelajaran | AP5: Mata Pelajaran | AV5: : | AW5: =#REF! -> #REF!
G6: Sumatif TP 1 | M6: : | N6: Senang membaca al-qur'an | Q6: : | R6: Senang membaca al-qur'an | V6: Sumatif TP 1 | Y6: : | Z6: Senang membaca al-qur'an | AC6: : | AD6: Senang membaca al-qur'an | AH6: Lingkup Materi | AP6: Lingkup Materi | AV6: : | AW6: {=S6T6} -> #NAME?
A8: NO | B8: NISN/NIS | C8: NAMA SISWA | F8: Kode TP 1 | T8: Kode B.1 | AC8: Kode B.2 | AG8: Kode B.3 | AO8: Kode TP …......... | BD8: Kode TP ….........
F9: Nilai Minimal | G9: 1 | H9: 2 | I9: 3 | J9: 4 | K9: 5 | L9: 6 | M9: 7 | N9: 8 | O9: 9 | P9: 10 | R9: Skor | S9: Nilai Akhir | T9: Jenis Program | U9: Nilai Sebelum Pengayaan | V9: Nilai Sesudah Pengayaan | W9: Keterangan | X9: 6 | Y9: 7 | Z9: 8 | AA9: 9 | AB9: 10 | AC9: Jenis Program | AD9: Nilai Sebelum Pengayaan | AE9: Nilai Sesudah Pengayaan | AF9: Keterangan | AG9: Jenis Program | AH9: Nilai Sebelum Pengayaan | AI9: Nilai Sesudah Pengayaan | AJ9: Keterangan | AO9: Nilai Minimal | AP9: 1 | AQ9: 2 | AR9: 3 | AS9: 4 | AT9: 5 | AU9: 6 | AV9: 7 | AW9: 8 | AX9: 9 | AY9: 10 | BA9: Skor | BB9: Nilai Akhir | BC9: Tindak Lanjut | BD9: Nilai Minimal | BE9: 1 | BF9: 2 | BG9: 3 | BH9: 4 | BI9: 5 | BJ9: 6 | BK9: 7 | BL9: 8 | BM9: 9 | BN9: 10 | BP9: Skor | BQ9: Nilai Akhir | BR9: Tindak Lanjut
G10: Skor Maks Tiap Soal | AP10: Skor Maksimal Tiap Soal | BE10: Skor Maksimal Tiap Soal
G11: 2 | H11: 2 | I11: 2 | J11: 2 | K11: 2 | L11: 1 | M11: 1 | N11: 1 | O11: 1 | P11: 2 | Q11: 10 | Y11: 1 | Z11: 1 | AA11: 1 | AB11: 2 | AP11: 1 | AQ11: 1 | AR11: 1 | AS11: 1 | AT11: 1 | AU11: 1 | AV11: 1 | AW11: 1 | AX11: 1 | AY11: 2 | AZ11: =SUM(AP11:AY11) -> 11 | BE11: 1 | BF11: 1 | BG11: 1 | BH11: 1 | BI11: 1 | BJ11: 1 | BK11: 1 | BL11: 1 | BM11: 1 | BN11: 2 | BO11: =SUM(BE11:BN11) -> 11
A12: 1 | B12: 3163415080 / 232401001 | C12: ARGA SEFERAGIC | F12: 70 | G12: 0 | H12: 2 | I12: 2 | J12: 2 | K12: 0 | R12: =SUM(G12:P12) -> 6 | S12: =R12/Q11*100 -> 60 | T12: =IFERROR(IF(S12<F12,"Perbaikan",IF(S12>=F12,"Pengayaan","")),"") -> Perbaikan | U12: 60 | V12: 70 | W12: Tuntas | AC12: Pengayaan | AD12: 80 | AE12: 80 | AF12: Tuntas | AG12: Pengayaan | AH12: 80 | AI12: 80 | AJ12: Tuntas | AO12: 65 | AP12: 1 | AQ12: 1 | AR12: 1 | AS12: 1 | AT12: 1 | AU12: 1 | AV12: 1 | AW12: 1 | AX12: 1 | AY12: 2 | BA12: =SUM(AP12:AY12) -> 11 | BB12: =BA12/AZ11*100 -> 100 | BC12: =IFERROR(IF(BB12<AO12,"Perbaiakan",IF(BB12>=AO12,"Pengayaan","")),"") -> Pengayaan | BP12: =SUM(BE12:BN12) -> 0 | BQ12: =BP12/BO11*100 -> 0 | BR12: =IFERROR(IF(BQ12<BD12,"Perbaiakan",IF(BQ12>=BD12,"Pengayaan","")),"") -> Pengayaan
A13: 2 | B13: 3161997134 / 232401002 | C13: ARKHA ARDANA PUTRA | F13: 70 | G13: 0 | H13: 2 | I13: 2 | J13: 2 | K13: 2 | R13: =SUM(G13:P13) -> 8 | S13: =R13/Q11*100 -> 80 | T13: =IFERROR(IF(S13<F13,"Perbaiakan",IF(S13>=F13,"Pengayaan","")),"") -> Pengayaan | U13: 80 | V13: 80 | W13: Tuntas | AC13: Pengayaan | AD13: 80 | AE13: 80 | AF13: Tuntas | AG13: Pengayaan | AH13: 100 | AI13: 100 | AJ13: Tuntas | AO13: 60 | AP13: 1 | AQ13: 1 | AR13: 1 | AS13: 1 | AT13: 1 | AU13: 1 | BA13: =SUM(AP13:AY13) -> 6 | BB13: =BA13/AZ11*100 -> 54.545455 | BC13: =IFERROR(IF(BB13<AO13,"Perbaiakan",IF(BB13>=AO13,"Pengayaan","")),"") -> Perbaiakan | BP13: =SUM(BE13:BN13) -> 0 | BQ13: =BP13/BO11*100 -> 0 | BR13: =IFERROR(IF(BQ13<BD13,"Perbaiakan",IF(BQ13>=BD13,"Pengayaan","")),"") -> Pengayaan
A14: 3 | B14: 3164040852 / 232401003 | C14: BAYU MAULANA. | F14: 70 | G14: 2 | H14: 0 | I14: 2 | J14: 2 | K14: 2 | R14: =SUM(G14:P14) -> 8 | S14: =R14/Q11*100 -> 80 | T14: =IFERROR(IF(S14<F14,"Perbaikan",IF(S14>=F14,"Pengayaan","")),"") -> Pengayaan | U14: 80 | V14: 80 | W14: Tuntas | AC14: Pengayaan | AD14: 80 | AE14: 80 | AF14: Tuntas | AG14: Pengayaan | AH14: 80 | AI14: 80 | AJ14: Tuntas | BA14: =SUM(AP14:AY14) -> 0 | BB14: =BA14/AZ11*100 -> 0 | BC14: =IFERROR(IF(BB14<AO14,"Perbaiakan",IF(BB14>=AO14,"Pengayaan","")),"") -> Pengayaan | BP14: =SUM(BE14:BN14) -> 0 | BQ14: =BP14/BO11*100 -> 0 | BR14: =IFERROR(IF(BQ14<BD14,"Perbaiakan",IF(BQ14>=BD14,"Pengayaan","")),"") -> Pengayaan
A15: 4 | B15: 0164553047 / 232401004 | C15: BELLA SOPYANA PUTRI | F15: 70 | G15: 2 | H15: 2 | I15: 2 | J15: 0 | K15: 2 | R15: =SUM(G15:P15) -> 8 | S15: =R15/Q11*100 -> 80 | T15: =IFERROR(IF(S15<F15,"Perbaiakan",IF(S15>=F15,"Pengayaan","")),"") -> Pengayaan | U15: 80 | V15: 80 | W15: Tuntas | AC15: Pengayaan | AD15: 80 | AE15: 80 | AF15: Tuntas | AG15: Pengayaan | AH15: 100 | AI15: 100 | AJ15: Tuntas | BA15: =SUM(AP15:AY15) -> 0 | BB15: =BA15/AZ11*100 -> 0 | BC15: =IFERROR(IF(BB15<AO15,"Perbaiakan",IF(BB15>=AO15,"Pengayaan","")),"") -> Pengayaan | BP15: =SUM(BE15:BN15) -> 0 | BQ15: =BP15/BO11*100 -> 0 | BR15: =IFERROR(IF(BQ15<BD15,"Perbaiakan",IF(BQ15>=BD15,"Pengayaan","")),"") -> Pengayaan
A16: 5 | B16: 3168177700 / 232401006 | C16: DAVA ABYAN SOFA | F16: 70 | G16: 0 | H16: 0 | I16: 2 | J16: 2 | K16: 0 | R16: =SUM(G16:P16) -> 4 | S16: =R16/Q11*100 -> 40 | T16: =IFERROR(IF(S16<F16,"Perbaikan",IF(S16>=F16,"Pengayaan","")),"") -> Perbaikan | U16: 40 | V16: 70 | W16: Tuntas | AC16: Pengayaan | AD16: 80 | AE16: 80 | AF16: Tuntas | AG16: Perbaikan | AH16: 60 | AI16: 70 | AJ16: Tuntas | BA16: =SUM(AP16:AY16) -> 0 | BB16: =BA16/AZ11*100 -> 0 | BC16: =IFERROR(IF(BB16<AO16,"Perbaiakan",IF(BB16>=AO16,"Pengayaan","")),"") -> Pengayaan | BP16: =SUM(BE16:BN16) -> 0 | BQ16: =BP16/BO11*100 -> 0 | BR16: =IFERROR(IF(BQ16<BD16,"Perbaiakan",IF(BQ16>=BD16,"Pengayaan","")),"") -> Pengayaan
A17: 6 | B17: 3163539725 / 232401007 | C17: ELVIRA ZAHRA KHAERUNNISA | F17: 70 | G17: 2 | H17: 2 | I17: 2 | J17: 2 | K17: 0 | R17: =SUM(G17:P17) -> 8 | S17: =R17/Q11*100 -> 80 | T17: =IFERROR(IF(S17<F17,"Perbaiakan",IF(S17>=F17,"Pengayaan","")),"") -> Pengayaan | U17: 80 | V17: 80 | W17: Tuntas | AC17: Perbaikan | AD17: 60 | AE17: 70 | AF17: Tuntas | AG17: Pengayaan | AH17: 80 | AI17: 80 | AJ17: Tuntas | BA17: =SUM(AP17:AY17) -> 0 | BB17: =BA17/AZ11*100 -> 0 | BC17: =IFERROR(IF(BB17<AO17,"Perbaiakan",IF(BB17>=AO17,"Pengayaan","")),"") -> Pengayaan | BP17: =SUM(BE17:BN17) -> 0 | BQ17: =BP17/BO11*100 -> 0 | BR17: =IFERROR(IF(BQ17<BD17,"Perbaiakan",IF(BQ17>=BD17,"Pengayaan","")),"") -> Pengayaan
A18: 7 | B18: 0179214781 / 232401008 | C18: EVRINA MAYSHA. | F18: 70 | G18: 2 | H18: 2 | I18: 2 | J18: 2 | K18: 0 | R18: =SUM(G18:P18) -> 8 | S18: =R18/Q11*100 -> 80 | T18: =IFERROR(IF(S18<F18,"Perbaiakan",IF(S18>=F18,"Pengayaan","")),"") -> Pengayaan | U18: 80 | V18: 80 | W18: Tuntas | AC18: Pengayaan | AD18: 80 | AE18: 80 | AF18: Tuntas | AG18: Pengayaan | AH18: 80 | AI18: 80 | AJ18: Tuntas | BA18: =SUM(AP18:AY18) -> 0 | BB18: =BA18/AZ11*100 -> 0 | BC18: =IFERROR(IF(BB18<AO18,"Perbaiakan",IF(BB18>=AO18,"Pengayaan","")),"") -> Pengayaan | BP18: =SUM(BE18:BN18) -> 0 | BQ18: =BP18/BO11*100 -> 0 | BR18: =IFERROR(IF(BQ18<BD18,"Perbaiakan",IF(BQ18>=BD18,"Pengayaan","")),"") -> Pengayaan
A19: 8 | B19: 3172453746 / 232401009 | C19: GALUH UWAIS AL QARNI | F19: 70 | G19: 2 | H19: 2 | I19: 2 | J19: 2 | K19: 2 | R19: =SUM(G19:P19) -> 10 | S19: =R19/Q11*100 -> 100 | T19: =IFERROR(IF(S19<F19,"Perbaiakan",IF(S19>=F19,"Pengayaan","")),"") -> Pengayaan | U19: 100 | V19: 100 | W19: Tuntas | AC19: Pengayaan | AD19: 80 | AE19: 80 | AF19: Tuntas | AG19: Pengayaan | AH19: 80 | AI19: 80 | AJ19: Tuntas | BA19: =SUM(AP19:AY19) -> 0 | BB19: =BA19/AZ11*100 -> 0 | BC19: =IFERROR(IF(BB19<AO19,"Perbaiakan",IF(BB19>=AO19,"Pengayaan","")),"") -> Pengayaan | BP19: =SUM(BE19:BN19) -> 0 | BQ19: =BP19/BO11*100 -> 0 | BR19: =IFERROR(IF(BQ19<BD19,"Perbaiakan",IF(BQ19>=BD19,"Pengayaan","")),"") -> Pengayaan
A20: 9 | B20: 3152261267 / 232401010 | C20: HAMZIDAN PRANADJA | F20: 70 | G20: 2 | H20: 2 | I20: 2 | J20: 0 | K20: 2 | R20: =SUM(G20:P20) -> 8 | S20: =R20/Q11*100 -> 80 | T20: =IFERROR(IF(S20<F20,"Perbaiakan",IF(S20>=F20,"Pengayaan","")),"") -> Pengayaan | U20: 80 | V20: 80 | W20: Tuntas | AC20: Pengayaan | AD20: 80 | AE20: 80 | AF20: Tuntas | AG20: Pengayaan | AH20: 80 | AI20: 80 | AJ20: Tuntas | BA20: =SUM(AP20:AY20) -> 0 | BB20: =BA20/AZ11*100 -> 0 | BC20: =IFERROR(IF(BB20<AO20,"Perbaiakan",IF(BB20>=AO20,"Pengayaan","")),"") -> Pengayaan | BP20: =SUM(BE20:BN20) -> 0 | BQ20: =BP20/BO11*100 -> 0 | BR20: =IFERROR(IF(BQ20<BD20,"Perbaiakan",IF(BQ20>=BD20,"Pengayaan","")),"") -> Pengayaan
A21: 10 | B21: 3160050189 / 232401011 | C21: HANDI PADILAH | F21: 70 | G21: 0 | H21: 0 | I21: 2 | J21: 0 | K21: 0 | R21: =SUM(G21:P21) -> 2 | S21: =R21/Q11*100 -> 20 | T21: =IFERROR(IF(S21<F21,"Perbaikan",IF(S21>=F21,"Pengayaan","")),"") -> Perbaikan | U21: 20 | V21: 70 | W21: Tuntas | AC21: Perbaikan | AD21: 0 | AE21: 70 | AF21: Tuntas | AG21: Perbaikan | AH21: 0 | AI21: 70 | AJ21: Tuntas | BA21: =SUM(AP21:AY21) -> 0 | BB21: =BA21/AZ11*100 -> 0 | BC21: =IFERROR(IF(BB21<AO21,"Perbaiakan",IF(BB21>=AO21,"Pengayaan","")),"") -> Pengayaan | BP21: =SUM(BE21:BN21) -> 0 | BQ21: =BP21/BO11*100 -> 0 | BR21: =IFERROR(IF(BQ21<BD21,"Perbaiakan",IF(BQ21>=BD21,"Pengayaan","")),"") -> Pengayaan
A22: 11 | B22: 3161520488 / 232401012 | C22: IBNU FAUZAN | F22: 70 | G22: 0 | H22: 0 | I22: 2 | J22: 2 | K22: 0 | R22: =SUM(G22:P22) -> 4 | S22: =R22/Q11*100 -> 40 | T22: =IFERROR(IF(S22<F22,"Perbaikan",IF(S22>=F22,"Pengayaan","")),"") -> Perbaikan | U22: 40 | V22: 70 | W22: Tuntas | AC22: Perbaikan | AD22: 60 | AE22: 70 | AF22: Tuntas | AG22: Perbaikan | AH22: 60 | AI22: 70 | AJ22: Tuntas | BA22: =SUM(AP22:AY22) -> 0 | BB22: =BA22/AZ11*100 -> 0 | BC22: =IFERROR(IF(BB22<AO22,"Perbaiakan",IF(BB22>=AO22,"Pengayaan","")),"") -> Pengayaan | BP22: =SUM(BE22:BN22) -> 0 | BQ22: =BP22/BO11*100 -> 0 | BR22: =IFERROR(IF(BQ22<BD22,"Perbaiakan",IF(BQ22>=BD22,"Pengayaan","")),"") -> Pengayaan
A23: 12 | B23: 3173125719 / 232401013 | C23: INTAN NADIN HANIFAH | F23: 70 | G23: 2 | H23: 0 | I23: 0 | J23: 2 | K23: 2 | R23: =SUM(G23:P23) -> 6 | S23: =R23/Q11*100 -> 60 | T23: =IFERROR(IF(S23<F23,"Perbaikan",IF(S23>=F23,"Pengayaan","")),"") -> Perbaikan | U23: 60 | V23: 70 | W23: Tuntas | AC23: Perbaikan | AD23: 40 | AE23: 70 | AF23: Tuntas | AG23: Pengayaan | AH23: 100 | AI23: 100 | AJ23: Tuntas | BA23: =SUM(AP23:AY23) -> 0 | BB23: =BA23/AZ11*100 -> 0 | BC23: =IFERROR(IF(BB23<AO23,"Perbaiakan",IF(BB23>=AO23,"Pengayaan","")),"") -> Pengayaan | BP23: =SUM(BE23:BN23) -> 0 | BQ23: =BP23/BO11*100 -> 0 | BR23: =IFERROR(IF(BQ23<BD23,"Perbaiakan",IF(BQ23>=BD23,"Pengayaan","")),"") -> Pengayaan
A24: 13 | B24: 3168397502 / 232401014 | C24: KAHFI | F24: 70 | G24: 2 | H24: 2 | I24: 2 | J24: 2 | K24: 2 | R24: =SUM(G24:K24) -> 10 | S24: =R24/Q11*100 -> 100 | T24: =IFERROR(IF(S24<F24,"Perbaiakan",IF(S24>=F24,"Pengayaan","")),"") -> Pengayaan | U24: 100 | V24: 100 | W24: Tuntas | AC24: Pengayaan | AD24: 80 | AE24: 80 | AF24: Tuntas | AG24: Pengayaan | AH24: 80 | AI24: 80 | AJ24: Tuntas | BA24: =SUM(AP24:AY24) -> 0 | BB24: =BA24/AZ11*100 -> 0 | BC24: =IFERROR(IF(BB24<AO24,"Perbaiakan",IF(BB24>=AO24,"Pengayaan","")),"") -> Pengayaan | BP24: =SUM(BE24:BN24) -> 0 | BQ24: =BP24/BO11*100 -> 0 | BR24: =IFERROR(IF(BQ24<BD24,"Perbaiakan",IF(BQ24>=BD24,"Pengayaan","")),"") -> Pengayaan
A25: 14 | B25: 3168012888 / 232401016 | C25: KAYSAN RAJENDRA | F25: 70 | G25: 2 | H25: 2 | I25: 2 | J25: 2 | K25: 2 | R25: =SUM(G25:P25) -> 10 | S25: =R25/Q11*100 -> 100 | T25: =IFERROR(IF(S25<F25,"Perbaiakan",IF(S25>=F25,"Pengayaan","")),"") -> Pengayaan | U25: 100 | V25: 100 | W25: Tuntas | AC25: Pengayaan | AD25: 80 | AE25: 80 | AF25: Tuntas | AG25: Pengayaan | AH25: 100 | AI25: 100 | AJ25: Tuntas | BA25: =SUM(AP25:AY25) -> 0 | BB25: =BA25/AZ11*100 -> 0 | BC25: =IFERROR(IF(BB25<AO25,"Perbaiakan",IF(BB25>=AO25,"Pengayaan","")),"") -> Pengayaan | BP25: =SUM(BE25:BN25) -> 0 | BQ25: =BP25/BO11*100 -> 0 | BR25: =IFERROR(IF(BQ25<BD25,"Perbaiakan",IF(BQ25>=BD25,"Pengayaan","")),"") -> Pengayaan
A26: 15 | B26: 3173642710 / 232401017 | C26: MEITA PRABA NURRIZKI | F26: 70 | G26: 0 | H26: 2 | I26: 2 | J26: 2 | K26: 2 | R26: =SUM(G26:P26) -> 8 | S26: =R26/Q11*100 -> 80 | T26: =IFERROR(IF(S26<F26,"Perbaiakan",IF(S26>=F26,"Pengayaan","")),"") -> Pengayaan | U26: 80 | V26: 80 | W26: Tuntas | AC26: Perbaikan | AD26: 60 | AE26: 70 | AF26: Tuntas | AG26: Pengayaan | AH26: 80 | AI26: 80 | AJ26: Tuntas | BA26: =SUM(AP26:AY26) -> 0 | BB26: =BA26/AZ11*100 -> 0 | BC26: =IFERROR(IF(BB26<AO26,"Perbaiakan",IF(BB26>=AO26,"Pengayaan","")),"") -> Pengayaan | BP26: =SUM(BE26:BN26) -> 0 | BQ26: =BP26/BO11*100 -> 0 | BR26: =IFERROR(IF(BQ26<BD26,"Perbaiakan",IF(BQ26>=BD26,"Pengayaan","")),"") -> Pengayaan
A27: 16 | B27: 3174719695 / 232401018 | C27: MILKA NURUL FADHILAH | F27: 70 | G27: 0 | H27: 0 | I27: 0 | J27: 2 | K27: 2 | R27: =SUM(G27:P27) -> 4 | S27: =R27/Q11*100 -> 40 | T27: =IFERROR(IF(S27<F27,"Perbaikan",IF(S27>=F27,"Pengayaan","")),"") -> Perbaikan | U27: 40 | V27: 70 | W27: Tuntas | AC27: Perbaikan | AD27: 60 | AE27: 70 | AF27: Tuntas | AG27: Pengayaan | AH27: 100 | AI27: 100 | AJ27: Tuntas | BA27: =SUM(AP27:AY27) -> 0 | BB27: =BA27/AZ11*100 -> 0 | BC27: =IFERROR(IF(BB27<AO27,"Perbaiakan",IF(BB27>=AO27,"Pengayaan","")),"") -> Pengayaan | BP27: =SUM(BE27:BN27) -> 0 | BQ27: =BP27/BO11*100 -> 0 | BR27: =IFERROR(IF(BQ27<BD27,"Perbaiakan",IF(BQ27>=BD27,"Pengayaan","")),"") -> Pengayaan
A28: 17 | B28: 3170243842 / 232401019 | C28: MIRA SINTIAWATI | F28: 70 | G28: 2 | H28: 2 | I28: 2 | J28: 2 | K28: 2 | R28: =SUM(G28:P28) -> 10 | S28: =R28/Q11*100 -> 100 | T28: =IFERROR(IF(S28<F28,"Perbaiakan",IF(S28>=F28,"Pengayaan","")),"") -> Pengayaan | U28: 100 | V28: 100 | W28: Tuntas | AC28: Perbaikan | AD28: 60 | AE28: 70 | AF28: Tuntas | AG28: Pengayaan | AH28: 100 | AI28: 100 | AJ28: Tuntas | BA28: =SUM(AP28:AY28) -> 0 | BB28: =BA28/AZ11*100 -> 0 | BC28: =IFERROR(IF(BB28<AO28,"Perbaiakan",IF(BB28>=AO28,"Pengayaan","")),"") -> Pengayaan | BP28: =SUM(BE28:BN28) -> 0 | BQ28: =BP28/BO11*100 -> 0 | BR28: =IFERROR(IF(BQ28<BD28,"Perbaiakan",IF(BQ28>=BD28,"Pengayaan","")),"") -> Pengayaan
A29: 18 | B29: 3160808194 / 232401020 | C29: MUHAMMAD HADIQ AL FARUQ | F29: 70 | G29: 0 | H29: 2 | I29: 2 | J29: 2 | K29: 0 | R29: =SUM(G29:P29) -> 6 | S29: =R29/Q11*100 -> 60 | T29: =IFERROR(IF(S29<F29,"Perbaikan",IF(S29>=F29,"Pengayaan","")),"") -> Perbaikan | U29: 60 | V29: 70 | W29: Tuntas | AC29: Pengayaan | AD29: 80 | AE29: 80 | AF29: Tuntas | AG29: Pengayaan | AH29: 100 | AI29: 100 | AJ29: Tuntas | BA29: =SUM(AP29:AY29) -> 0 | BB29: =BA29/AZ11*100 -> 0 | BC29: =IFERROR(IF(BB29<AO29,"Perbaiakan",IF(BB29>=AO29,"Pengayaan","")),"") -> Pengayaan | BP29: =SUM(BE29:BN29) -> 0 | BQ29: =BP29/BO11*100 -> 0 | BR29: =IFERROR(IF(BQ29<BD29,"Perbaiakan",IF(BQ29>=BD29,"Pengayaan","")),"") -> Pengayaan
A30: 19 | B30: 3162061937 / 232401021 | C30: MUTIA ALIFA AZZAHRA | F30: 70 | G30: 0 | H30: 0 | I30: 2 | J30: 2 | K30: 2 | R30: =SUM(G30:P30) -> 6 | S30: =R30/Q11*100 -> 60 | T30: =IFERROR(IF(S30<F30,"Perbaikan",IF(S30>=F30,"Pengayaan","")),"") -> Perbaikan | U30: 60 | V30: 70 | W30: Tuntas | AC30: Pengayaan | AD30: 80 | AE30: 80 | AF30: Tuntas | AG30: Pengayaan | AH30: 100 | AI30: 100 | AJ30: Tuntas | BA30: =SUM(AP30:AY30) -> 0 | BB30: =BA30/AZ11*100 -> 0 | BC30: =IFERROR(IF(BB30<AO30,"Perbaiakan",IF(BB30>=AO30,"Pengayaan","")),"") -> Pengayaan | BP30: =SUM(BE30:BN30) -> 0 | BQ30: =BP30/BO11*100 -> 0 | BR30: =IFERROR(IF(BQ30<BD30,"Perbaiakan",IF(BQ30>=BD30,"Pengayaan","")),"") -> Pengayaan
A31: 20 | B31: 3173955890 / 232401022 | C31: MUTIA PUTRI NURAZIZAH | F31: 70 | G31: 0 | H31: 2 | I31: 2 | J31: 2 | K31: 2 | R31: =SUM(G31:P31) -> 8 | S31: =R31/Q11*100 -> 80 | T31: =IFERROR(IF(S31<F31,"Perbaiakan",IF(S31>=F31,"Pengayaan","")),"") -> Pengayaan | U31: 80 | V31: 80 | W31: Tuntas | AC31: Perbaikan | AD31: 60 | AE31: 70 | AF31: Tuntas | AG31: Pengayaan | AH31: 100 | AI31: 100 | AJ31: Tuntas | BA31: =SUM(AP31:AY31) -> 0 | BB31: =BA31/AZ11*100 -> 0 | BC31: =IFERROR(IF(BB31<AO31,"Perbaiakan",IF(BB31>=AO31,"Pengayaan","")),"") -> Pengayaan | BP31: =SUM(BE31:BN31) -> 0 | BQ31: =BP31/BO11*100 -> 0 | BR31: =IFERROR(IF(BQ31<BD31,"Perbaiakan",IF(BQ31>=BD31,"Pengayaan","")),"") -> Pengayaan
A32: 21 | B32: 3164171038 / 232401023 | C32: NABIL KAFIN ABIZARD | F32: 70 | G32: 2 | H32: 0 | I32: 2 | J32: 2 | K32: 2 | R32: =SUM(G32:P32) -> 8 | S32: =R32/Q11*100 -> 80 | T32: =IFERROR(IF(S32<F32,"Perbaiakan",IF(S32>=F32,"Pengayaan","")),"") -> Pengayaan | U32: 80 | V32: 80 | W32: Tuntas | AC32: Pengayaan | AD32: 100 | AE32: 100 | AF32: Tuntas | AG32: Pengayaan | AH32: 80 | AI32: 80 | AJ32: Tuntas | BA32: =SUM(AP32:AY32) -> 0 | BB32: =BA32/AZ11*100 -> 0 | BC32: =IFERROR(IF(BB32<AO32,"Perbaiakan",IF(BB32>=AO32,"Pengayaan","")),"") -> Pengayaan | BP32: =SUM(BE32:BN32) -> 0 | BQ32: =BP32/BO11*100 -> 0 | BR32: =IFERROR(IF(BQ32<BD32,"Perbaiakan",IF(BQ32>=BD32,"Pengayaan","")),"") -> Pengayaan
A33: 22 | B33: 3168619383 / 232401024 | C33: NURSILMY FAUZIYAH | F33: 70 | G33: 0 | H33: 2 | I33: 0 | J33: 0 | K33: 2 | R33: =SUM(G33:P33) -> 4 | S33: =R33/Q11*100 -> 40 | T33: =IFERROR(IF(S33<F33,"Perbaikan",IF(S33>=F33,"Pengayaan","")),"") -> Perbaikan | U33: 40 | V33: 70 | W33: Tuntas | AC33: Pengayaan | AD33: 80 | AE33: 80 | AF33: Tuntas | AG33: Pengayaan | AH33: 80 | AI33: 80 | AJ33: Tuntas | BA33: =SUM(AP33:AY33) -> 0 | BB33: =BA33/AZ11*100 -> 0 | BC33: =IFERROR(IF(BB33<AO33,"Perbaiakan",IF(BB33>=AO33,"Pengayaan","")),"") -> Pengayaan | BP33: =SUM(BE33:BN33) -> 0 | BQ33: =BP33/BO11*100 -> 0 | BR33: =IFERROR(IF(BQ33<BD33,"Perbaiakan",IF(BQ33>=BD33,"Pengayaan","")),"") -> Pengayaan
A34: 23 | B34: 3177975994 / 232401025 | C34: RAHMA AZAHRA | F34: 70 | G34: 2 | H34: 2 | I34: 2 | J34: 2 | K34: 2 | R34: =SUM(G34:P34) -> 10 | S34: =R34/Q11*100 -> 100 | T34: =IFERROR(IF(S34<F34,"Perbaiakan",IF(S34>=F34,"Pengayaan","")),"") -> Pengayaan | U34: 100 | V34: 100 | W34: Tuntas | AC34: Pengayaan | AD34: 80 | AE34: 80 | AF34: Tuntas | AG34: Pengayaan | AH34: 100 | AI34: 100 | AJ34: Tuntas | BA34: =SUM(AP34:AY34) -> 0 | BB34: =BA34/AZ11*100 -> 0 | BC34: =IFERROR(IF(BB34<AO34,"Perbaiakan",IF(BB34>=AO34,"Pengayaan","")),"") -> Pengayaan | BP34: =SUM(BE34:BN34) -> 0 | BQ34: =BP34/BO11*100 -> 0 | BR34: =IFERROR(IF(BQ34<BD34,"Perbaiakan",IF(BQ34>=BD34,"Pengayaan","")),"") -> Pengayaan
A35: 24 | B35: 3166760674 / 232401026 | C35: RIFKY NAUFAL RAMDHANI | F35: 70 | G35: 2 | H35: 2 | I35: 2 | J35: 2 | K35: 2 | R35: =SUM(G35:P35) -> 10 | S35: =R35/Q11*100 -> 100 | T35: =IFERROR(IF(S35<F35,"Perbaiakan",IF(S35>=F35,"Pengayaan","")),"") -> Pengayaan | U35: 100 | V35: 100 | W35: Tuntas | AC35: Pengayaan | AD35: 80 | AE35: 80 | AF35: Tuntas | AG35: Pengayaan | AH35: 80 | AI35: 80 | AJ35: Tuntas | BA35: =SUM(AP35:AY35) -> 0 | BB35: =BA35/AZ11*100 -> 0 | BC35: =IFERROR(IF(BB35<AO35,"Perbaiakan",IF(BB35>=AO35,"Pengayaan","")),"") -> Pengayaan | BP35: =SUM(BE35:BN35) -> 0 | BQ35: =BP35/BO11*100 -> 0 | BR35: =IFERROR(IF(BQ35<BD35,"Perbaiakan",IF(BQ35>=BD35,"Pengayaan","")),"") -> Pengayaan
A36: 25 | B36: 3170616522 / 232401027 | C36: RIFKY NIZAM RAMADANSYAH | F36: 70 | G36: 0 | H36: 0 | I36: 2 | J36: 2 | K36: 2 | R36: =SUM(G36:P36) -> 6 | S36: =R36/Q11*100 -> 60 | T36: =IFERROR(IF(S36<F36,"Perbaikan",IF(S36>=F36,"Pengayaan","")),"") -> Perbaikan | U36: 60 | V36: 70 | W36: Tuntas | AC36: Pengayaan | AD36: 80 | AE36: 80 | AF36: Tuntas | AG36: Perbaikan | AH36: 0 | AI36: 70 | AJ36: Tuntas | BA36: =SUM(AP36:AY36) -> 0 | BB36: =BA36/AZ11*100 -> 0 | BC36: =IFERROR(IF(BB36<AO36,"Perbaiakan",IF(BB36>=AO36,"Pengayaan","")),"") -> Pengayaan | BP36: =SUM(BE36:BN36) -> 0 | BQ36: =BP36/BO11*100 -> 0 | BR36: =IFERROR(IF(BQ36<BD36,"Perbaiakan",IF(BQ36>=BD36,"Pengayaan","")),"") -> Pengayaan
A37: 26 | B37: 3165120944 / 232401028 | C37: SAMSUL HADI NURU. | F37: 70 | G37: 0 | H37: 2 | I37: 2 | J37: 2 | K37: 2 | R37: =SUM(G37:P37) -> 8 | S37: =R37/Q11*100 -> 80 | T37: =IFERROR(IF(S37<F37,"Perbaiakan",IF(S37>=F37,"Pengayaan","")),"") -> Pengayaan | U37: 80 | V37: 80 | W37: Tuntas | AC37: Pengayaan | AD37: 80 | AE37: 80 | AF37: Tuntas | AG37: Pengayaan | AH37: 80 | AI37: 80 | AJ37: Tuntas | BA37: =SUM(AP37:AY37) -> 0 | BB37: =BA37/AZ11*100 -> 0 | BC37: =IFERROR(IF(BB37<AO37,"Perbaiakan",IF(BB37>=AO37,"Pengayaan","")),"") -> Pengayaan | BP37: =SUM(BE37:BN37) -> 0 | BQ37: =BP37/BO11*100 -> 0 | BR37: =IFERROR(IF(BQ37<BD37,"Perbaiakan",IF(BQ37>=BD37,"Pengayaan","")),"") -> Pengayaan
A38: 27 | B38: 3166662295 / 232401029 | C38: SHELA AULIA SUJANA | F38: 70 | G38: 2 | H38: 2 | I38: 2 | J38: 2 | K38: 0 | R38: =SUM(G38:P38) -> 8 | S38: =R38/Q11*100 -> 80 | T38: =IFERROR(IF(S38<F38,"Perbaiakan",IF(S38>=F38,"Pengayaan","")),"") -> Pengayaan | U38: 80 | V38: 80 | W38: Tuntas | AC38: Pengayaan | AD38: 80 | AE38: 80 | AF38: Tuntas | AG38: Pengayaan | AH38: 80 | AI38: 80 | AJ38: Tuntas | BA38: =SUM(AP38:AY38) -> 0 | BB38: =BA38/AZ11*100 -> 0 | BC38: =IFERROR(IF(BB38<AO38,"Perbaiakan",IF(BB38>=AO38,"Pengayaan","")),"") -> Pengayaan | BP38: =SUM(BE38:BN38) -> 0 | BQ38: =BP38/BO11*100 -> 0 | BR38: =IFERROR(IF(BQ38<BD38,"Perbaiakan",IF(BQ38>=BD38,"Pengayaan","")),"") -> Pengayaan
A39: 28 | B39: 3171885467 / 232401030 | C39: SIFA FEBRIANA ZAHIRA. | F39: 70 | G39: 0 | H39: 2 | I39: 2 | J39: 2 | K39: 2 | R39: =SUM(G39:P39) -> 8 | S39: =R39/Q11*100 -> 80 | T39: =IFERROR(IF(S39<F39,"Perbaiakan",IF(S39>=F39,"Pengayaan","")),"") -> Pengayaan | U39: 80 | V39: 80 | W39: Tuntas | AC39: Pengayaan | AD39: 80 | AE39: 80 | AF39: Tuntas | AG39: Pengayaan | AH39: 80 | AI39: 80 | AJ39: Tuntas | BA39: =SUM(AP39:AY39) -> 0 | BB39: =BA39/AZ11*100 -> 0 | BC39: =IFERROR(IF(BB39<AO39,"Perbaiakan",IF(BB39>=AO39,"Pengayaan","")),"") -> Pengayaan | BP39: =SUM(BE39:BN39) -> 0 | BQ39: =BP39/BO11*100 -> 0 | BR39: =IFERROR(IF(BQ39<BD39,"Perbaiakan",IF(BQ39>=BD39,"Pengayaan","")),"") -> Pengayaan
A40: 29 | B40: 3160399284 / 232401042 | C40: SIVA SURYANI | F40: 70 | G40: 0 | H40: 2 | I40: 2 | J40: 2 | K40: 2 | R40: =SUM(G40:P40) -> 8 | S40: =R40/Q11*100 -> 80 | T40: =IFERROR(IF(S40<F40,"Perbaiakan",IF(S40>=F40,"Pengayaan","")),"") -> Pengayaan | U40: 80 | V40: 80 | W40: Tuntas | AC40: Pengayaan | AD40: 80 | AE40: 80 | AF40: Tuntas | AG40: Pengayaan | AH40: 80 | AI40: 80 | AJ40: Tuntas | BA40: =SUM(AP40:AY40) -> 0 | BB40: =BA40/AZ11*100 -> 0 | BC40: =IFERROR(IF(BB40<AO40,"Perbaiakan",IF(BB40>=AO40,"Pengayaan","")),"") -> Pengayaan | BP40: =SUM(BE40:BN40) -> 0 | BQ40: =BP40/BO11*100 -> 0 | BR40: =IFERROR(IF(BQ40<BD40,"Perbaiakan",IF(BQ40>=BD40,"Pengayaan","")),"") -> Pengayaan
A41: 30 | B41: 3163684371 / 232401031 | C41: TEDI I AZRY KURNIA | F41: 70 | G41: 2 | H41: 2 | I41: 2 | J41: 2 | K41: 2 | R41: =SUM(G41:P41) -> 10 | S41: =R41/Q11*100 -> 100 | T41: =IFERROR(IF(S41<F41,"Perbaiakan",IF(S41>=F41,"Pengayaan","")),"") -> Pengayaan | U41: 100 | V41: 100 | W41: Tuntas | AC41: Pengayaan | AD41: 100 | AE41: 100 | AF41: Tuntas | AG41: Pengayaan | AH41: 80 | AI41: 80 | AJ41: Tuntas | BA41: =SUM(AP41:AY41) -> 0 | BB41: =BA41/AZ11*100 -> 0 | BC41: =IFERROR(IF(BB41<AO41,"Perbaiakan",IF(BB41>=AO41,"Pengayaan","")),"") -> Pengayaan | BP41: =SUM(BE41:BN41) -> 0 | BQ41: =BP41/BO11*100 -> 0 | BR41: =IFERROR(IF(BQ41<BD41,"Perbaiakan",IF(BQ41>=BD41,"Pengayaan","")),"") -> Pengayaan
A42: 31 | B42: 3165625220 / 232401032 | C42: TRISTAN SAKHA PERMANA | F42: 70 | G42: 0 | H42: 0 | I42: 2 | J42: 2 | K42: 2 | R42: =SUM(G42:P42) -> 6 | S42: =R42/Q11*100 -> 60 | T42: =IFERROR(IF(S42<F42,"Perbaikan",IF(S42>=F42,"Pengayaan","")),"") -> Perbaikan | U42: 60 | V42: 70 | W42: Tuntas | AC42: Pengayaan | AD42: 80 | AE42: 80 | AF42: Tuntas | AG42: Pengayaan | AH42: 80 | AI42: 80 | AJ42: Tuntas | BA42: =SUM(AP42:AY42) -> 0 | BB42: =BA42/AZ11*100 -> 0 | BC42: =IFERROR(IF(BB42<AO42,"Perbaiakan",IF(BB42>=AO42,"Pengayaan","")),"") -> Pengayaan | BP42: =SUM(BE42:BN42) -> 0 | BQ42: =BP42/BO11*100 -> 0 | BR42: =IFERROR(IF(BQ42<BD42,"Perbaiakan",IF(BQ42>=BD42,"Pengayaan","")),"") -> Pengayaan
A43: 32 | B43: 3169637412 / 232401033 | C43: ZAIN ROMANSYAH. | F43: 70 | G43: 0 | H43: 2 | I43: 2 | J43: 2 | K43: 2 | R43: =SUM(G43:P43) -> 8 | S43: =R43/Q11*100 -> 80 | T43: =IFERROR(IF(S43<F43,"Perbaiakan",IF(S43>=F43,"Pengayaan","")),"") -> Pengayaan | U43: 80 | V43: 80 | W43: Tuntas | AC43: Pengayaan | AD43: 80 | AE43: 80 | AF43: Tuntas | AG43: Pengayaan | AH43: 80 | AI43: 80 | AJ43: Tuntas | BA43: =SUM(AP43:AY43) -> 0 | BB43: =BA43/AZ11*100 -> 0 | BC43: =IFERROR(IF(BB43<AO43,"Perbaiakan",IF(BB43>=AO43,"Pengayaan","")),"") -> Pengayaan | BP43: =SUM(BE43:BN43) -> 0 | BQ43: =BP43/BO11*100 -> 0 | BR43: =IFERROR(IF(BQ43<BD43,"Perbaiakan",IF(BQ43>=BD43,"Pengayaan","")),"") -> Pengayaan
A44: 33 | B44: 3164974029 / 232401034 | C44: ZIHAN SRI RIZKI | F44: 70 | G44: 0 | H44: 2 | I44: 2 | J44: 2 | K44: 2 | R44: =SUM(G44:P44) -> 8 | S44: =R44/Q11*100 -> 80 | T44: =IFERROR(IF(S44<F44,"Perbaiakan",IF(S44>=F44,"Pengayaan","")),"") -> Pengayaan | U44: 80 | V44: 80 | W44: Tuntas | AC44: Pengayaan | AD44: 80 | AE44: 80 | AF44: Tuntas | AG44: Pengayaan | AH44: 100 | AI44: 100 | AJ44: Tuntas | BA44: =SUM(AP44:AY44) -> 0 | BB44: =BA44/AZ11*100 -> 0 | BC44: =IFERROR(IF(BB44<AO44,"Perbaiakan",IF(BB44>=AO44,"Pengayaan","")),"") -> Pengayaan | BP44: =SUM(BE44:BN44) -> 0 | BQ44: =BP44/BO11*100 -> 0 | BR44: =IFERROR(IF(BQ44<BD44,"Perbaiakan",IF(BQ44>=BD44,"Pengayaan","")),"") -> Pengayaan
C47: Mengetahui | AG47: Banjar, Agustus 2025 | AQ47: =AI47 -> 0 | BK47: =#REF! -> #REF!
C48: Kepala UPTD SDN 1 Sukamukti | AG48: Guru PAdBP | AQ48: =AI48 -> 0 | BK48: =#REF! -> #REF!
C52: DUDUNG, S.Pd.SD | AG52: ANISA NURBASARI, S.Pd.I | AQ52: =AI52 -> 0 | BK52: =#REF! -> #REF!
C53: NIP. 197111101993071001 | AG53: NIP. 198702092019032004 | AQ53: =AI53 -> 0 | BK53: =#REF! -> #REF!

Sheet Sumatif Lingkup Materi (2)
D1: ANALISIS HASIL ASESMEN SUMATIF LINGKUP MATERI
D2: ='oke Lingk. 1'!G2 -> TAHUN AJARAN 2025/2026
E4: Kelas / Semester | K4: : | L4: I/2
E5: Mata Pelajaran | K5: : | L5: ='oke Lingk. 1'!N5 -> PAI dan Budi Pekerti
E6: TP 1 | K6: :
A8: NO | B8: NIS | C8: NAMA SISWA | D8: Nomor Soal
D9: Nilai Minimal | E9: 1 | F9: 2 | G9: 3 | H9: 4 | I9: 5 | J9: 6 | K9: 7 | L9: 8 | M9: 9 | N9: 10 | O9: 11 | P9: 12 | Q9: 13 | R9: 14 | S9: 15 | U9: Skor | V9: Nilai Akhir | W9: Tindak Lanjut
E10: Skor Maksimal Tiap Soal
C11: Skor Maksimal | E11: 1 | F11: 1 | G11: 1 | H11: 1 | I11: 1 | J11: 1 | K11: 1 | L11: 1 | M11: 1 | N11: 1 | O11: 2 | P11: 2 | Q11: 2 | R11: 2 | S11: 2 | T11: =SUM(E11:S11) -> 20
A12: 1 | B12: 3163415080 / 232401001 | C12: ARGA SEFERAGIC | D12: 70 | E12: 1 | F12: 1 | G12: 1 | H12: 1 | I12: 1 | J12: 0 | K12: 1 | L12: 1 | M12: 0 | N12: 1 | O12: 2 | P12: 2 | Q12: 2 | R12: 1 | S12: 1 | U12: =SUM(E12:S12) -> 16 | V12: =U12/T11*100 -> 80 | W12: =IFERROR(IF(V12<D12,"Perlu mengulang beberapa Tujuan Pembelajaran dalam Mata Pelajarann ",IF(V12>=D12,"Dinyatakan tuntas untuk seluruh Tujuan Pembelajaran dalam Mata Pelajaran ","")),"") &L5 -> Dinyatakan tuntas untuk seluruh Tujuan Pembelajaran dalam Mata Pelajaran PAI dan Budi Pekerti
A13: 2 | B13: 3161997134 / 232401002 | C13: ARKHA ARDANA PUTRA | D13: 70 | E13: 1 | F13: 1 | G13: 1 | H13: 1 | I13: 1 | J13: 1 | K13: 1 | L13: 1 | M13: 0 | N13: 1 | O13: 2 | P13: 2 | Q13: 2 | R13: 2 | S13: 1 | U13: =SUM(E13:S13) -> 18 | V13: =U13/T11*100 -> 90 | W13: =IFERROR(IF(V13<D13,"Perlu mengulang beberapa Tujuan Pembelajaran dalam Mata Pelajarann ",IF(V13>=D13,"Dinyatakan tuntas untuk seluruh Tujuan Pembelajaran dalam Mata Pelajaran ","")),"") &L5 -> Dinyatakan tuntas untuk seluruh Tujuan Pembelajaran dalam Mata Pelajaran PAI dan Budi Pekerti
A14: 3 | B14: 3164040852 / 232401003 | C14: BAYU MAULANA. | D14: 70 | E14: 1 | F14: 1 | G14: 1 | H14: 1 | I14: 1 | J14: 1 | K14: 1 | L14: 1 | M14: 0 | N14: 0 | O14: 2 | P14: 2 | Q14: 2 | R14: 2 | S14: 1 | U14: =SUM(E14:S14) -> 17 | V14: =U14/T11*100 -> 85 | W14: =IFERROR(IF(V14<D14,"Perlu mengulang beberapa Tujuan Pembelajaran dalam Mata Pelajarann ",IF(V14>=D14,"Dinyatakan tuntas untuk seluruh Tujuan Pembelajaran dalam Mata Pelajaran ","")),"") &L5 -> Dinyatakan tuntas untuk seluruh Tujuan Pembelajaran dalam Mata Pelajaran PAI dan Budi Pekerti
A15: 4 | B15: 0164553047 / 232401004 | C15: Bella Sopyana Putri | D15: 70 | E15: 1 | F15: 1 | G15: 0 | H15: 1 | I15: 1 | J15: 0 | K15: 1 | L15: 1 | M15: 1 | N15: 1 | O15: 2 | P15: 2 | Q15: 2 | R15: 2 | S15: 2 | U15: =SUM(E15:S15) -> 18 | V15: =U15/T11*100 -> 90 | W15: =IFERROR(IF(V15<D15,"Perlu mengulang beberapa Tujuan Pembelajaran dalam Mata Pelajarann ",IF(V15>=D15,"Dinyatakan tuntas untuk seluruh Tujuan Pembelajaran dalam Mata Pelajaran ","")),"") &L5 -> Dinyatakan tuntas untuk seluruh Tujuan Pembelajaran dalam Mata Pelajaran PAI dan Budi Pekerti
A16: 5 | B16: 3171073614 / 232401005 | C16: CAKRAWIGUNA. | D16: 70 | E16: 1 | F16: 1 | G16: 1 | H16: 1 | I16: 1 | J16: 1 | K16: 1 | L16: 1 | M16: 1 | N16: 1 | O16: 1 | P16: 0 | Q16: 0 | R16: 0 | S16: 0 | U16: =SUM(E16:S16) -> 11 | V16: =U16/T11*100 -> 55 | W16: =IFERROR(IF(V16<D16,"Perlu mengulang beberapa Tujuan Pembelajaran dalam Mata Pelajarann ",IF(V16>=D16,"Dinyatakan tuntas untuk seluruh Tujuan Pembelajaran dalam Mata Pelajaran ","")),"") &L5 -> Perlu mengulang beberapa Tujuan Pembelajaran dalam Mata Pelajarann PAI dan Budi Pekerti
A17: 6 | B17: 3168177700 / 232401006 | C17: DAVA ABYAN SOFA | D17: 70 | E17: 1 | F17: 1 | G17: 1 | H17: 1 | I17: 1 | J17: 1 | K17: 1 | L17: 1 | M17: 0 | N17: 0 | O17: 2 | P17: 2 | Q17: 2 | R17: 2 | S17: 2 | U17: =SUM(E17:S17) -> 18 | V17: =U17/T11*100 -> 90 | W17: =IFERROR(IF(V17<D17,"Perlu mengulang beberapa Tujuan Pembelajaran dalam Mata Pelajarann ",IF(V17>=D17,"Dinyatakan tuntas untuk seluruh Tujuan Pembelajaran dalam Mata Pelajaran ","")),"") &L5 -> Dinyatakan tuntas untuk seluruh Tujuan Pembelajaran dalam Mata Pelajaran PAI dan Budi Pekerti
A18: 7 | B18: 3163539725 / 232401007 | C18: ELVIRA ZAHRA KHAERUNNISA | D18: 70 | E18: 1 | F18: 1 | G18: 0 | H18: 0 | I18: 0 | J18: 0 | K18: 1 | L18: 1 | M18: 0 | N18: 1 | O18: 2 | P18: 2 | Q18: 2 | R18: 2 | S18: 2 | U18: =SUM(E18:S18) -> 15 | V18: =U18/T11*100 -> 75 | W18: =IFERROR(IF(V18<D18,"Perlu mengulang beberapa Tujuan Pembelajaran dalam Mata Pelajarann ",IF(V18>=D18,"Dinyatakan tuntas untuk seluruh Tujuan Pembelajaran dalam Mata Pelajaran ","")),"") &L5 -> Dinyatakan tuntas untuk seluruh Tujuan Pembelajaran dalam Mata Pelajaran PAI dan Budi Pekerti
A19: 8 | B19: 0179214781 / 232401008 | C19: EVRINA MAYSHA. | D19: 70 | E19: 1 | F19: 1 | G19: 1 | H19: 0 | I19: 0 | J19: 0 | K19: 1 | L19: 1 | M19: 1 | N19: 1 | O19: 2 | P19: 2 | Q19: 2 | R19: 1 | S19: 1 | U19: =SUM(E19:S19) -> 15 | V19: =U19/T11*100 -> 75 | W19: =IFERROR(IF(V19<D19,"Perlu mengulang beberapa Tujuan Pembelajaran dalam Mata Pelajarann ",IF(V19>=D19,"Dinyatakan tuntas untuk seluruh Tujuan Pembelajaran dalam Mata Pelajaran ","")),"") &L5 -> Dinyatakan tuntas untuk seluruh Tujuan Pembelajaran dalam Mata Pelajaran PAI dan Budi Pekerti
A20: 9 | B20: 3172453746 / 232401009 | C20: GALUH UWAIS AL QARNI | D20: 70 | E20: 0 | F20: 1 | G20: 1 | H20: 1 | I20: 1 | J20: 1 | K20: 0 | L20: 1 | M20: 0 | N20: 1 | O20: 2 | P20: 2 | Q20: 2 | R20: 2 | S20: 2 | U20: =SUM(E20:S20) -> 17 | V20: =U20/T11*100 -> 85 | W20: =IFERROR(IF(V20<D20,"Perlu mengulang beberapa Tujuan Pembelajaran dalam Mata Pelajarann ",IF(V20>=D20,"Dinyatakan tuntas untuk seluruh Tujuan Pembelajaran dalam Mata Pelajaran ","")),"") &L5 -> Dinyatakan tuntas untuk seluruh Tujuan Pembelajaran dalam Mata Pelajaran PAI dan Budi Pekerti
A21: 10 | B21: 3152261267 / 232401010 | C21: HAMZIDAN PRANADJA | D21: 70 | E21: 1 | F21: 1 | G21: 1 | H21: 1 | I21: 1 | J21: 0 | K21: 0 | L21: 1 | M21: 0 | N21: 1 | O21: 2 | P21: 2 | Q21: 1 | R21: 1 | S21: 1 | U21: =SUM(E21:S21) -> 14 | V21: =U21/T11*100 -> 70 | W21: =IFERROR(IF(V21<D21,"Perlu mengulang beberapa Tujuan Pembelajaran dalam Mata Pelajarann ",IF(V21>=D21,"Dinyatakan tuntas untuk seluruh Tujuan Pembelajaran dalam Mata Pelajaran ","")),"") &L5 -> Dinyatakan tuntas untuk seluruh Tujuan Pembelajaran dalam Mata Pelajaran PAI dan Budi Pekerti
A22: 11 | B22: 3160050189 / 232401011 | C22: HANDI PADILAH | D22: 70 | E22: 0 | F22: 1 | G22: 0 | H22: 1 | I22: 0 | J22: 1 | K22: 0 | L22: 0 | M22: 0 | N22: 0 | O22: 2 | P22: 2 | Q22: 2 | R22: 1 | S22: 0 | U22: =SUM(E22:S22) -> 10 | V22: =U22/T11*100 -> 50 | W22: =IFERROR(IF(V22<D22,"Perlu mengulang beberapa Tujuan Pembelajaran dalam Mata Pelajarann ",IF(V22>=D22,"Dinyatakan tuntas untuk seluruh Tujuan Pembelajaran dalam Mata Pelajaran ","")),"") &L5 -> Perlu mengulang beberapa Tujuan Pembelajaran dalam Mata Pelajarann PAI dan Budi Pekerti
A23: 12 | B23: 3161520488 / 232401012 | C23: IBNU FAUZAN | D23: 70 | E23: 1 | F23: 1 | G23: 1 | H23: 1 | I23: 1 | J23: 0 | K23: 0 | L23: 1 | M23: 0 | N23: 1 | O23: 2 | P23: 2 | Q23: 2 | R23: 2 | S23: 2 | U23: =SUM(E23:S23) -> 17 | V23: =U23/T11*100 -> 85 | W23: =IFERROR(IF(V23<D23,"Perlu mengulang beberapa Tujuan Pembelajaran dalam Mata Pelajarann ",IF(V23>=D23,"Dinyatakan tuntas untuk seluruh Tujuan Pembelajaran dalam Mata Pelajaran ","")),"") &L5 -> Dinyatakan tuntas untuk seluruh Tujuan Pembelajaran dalam Mata Pelajaran PAI dan Budi Pekerti
A24: 13 | B24: 3173125719 / 232401013 | C24: INTAN NADIN HANIFAH | D24: 70 | E24: 1 | F24: 1 | G24: 1 | H24: 1 | I24: 1 | J24: 0 | K24: 1 | L24: 1 | M24: 1 | N24: 1 | O24: 2 | P24: 2 | Q24: 2 | R24: 2 | S24: 2 | U24: =SUM(E24:S24) -> 19 | V24: =U24/T11*100 -> 95 | W24: =IFERROR(IF(V24<D24,"Perlu mengulang beberapa Tujuan Pembelajaran dalam Mata Pelajarann ",IF(V24>=D24,"Dinyatakan tuntas untuk seluruh Tujuan Pembelajaran dalam Mata Pelajaran ","")),"") &L5 -> Dinyatakan tuntas untuk seluruh Tujuan Pembelajaran dalam Mata Pelajaran PAI dan Budi Pekerti
A25: 14 | B25: 3168397502 / 232401014 | C25: KAHFI | D25: 70 | E25: 1 | F25: 1 | G25: 1 | H25: 1 | I25: 1 | J25: 1 | K25: 0 | L25: 1 | M25: 0 | N25: 1 | O25: 2 | P25: 2 | Q25: 2 | R25: 2 | S25: 2 | U25: =SUM(E25:S25) -> 18 | V25: =U25/T11*100 -> 90 | W25: =IFERROR(IF(V25<D25,"Perlu mengulang beberapa Tujuan Pembelajaran dalam Mata Pelajarann ",IF(V25>=D25,"Dinyatakan tuntas untuk seluruh Tujuan Pembelajaran dalam Mata Pelajaran ","")),"") &L5 -> Dinyatakan tuntas untuk seluruh Tujuan Pembelajaran dalam Mata Pelajaran PAI dan Budi Pekerti
A26: 15 | B26: 3164700637 / 232401015 | C26: KAMILA AZZAHRA OKTAVIANY | D26: 70 | E26: 1 | F26: 0 | G26: 1 | H26: 1 | I26: 1 | J26: 1 | K26: 1 | L26: 1 | M26: 0 | N26: 1 | O26: 2 | P26: 2 | Q26: 2 | R26: 2 | S26: 2 | U26: =SUM(E26:S26) -> 18 | V26: =U26/T11*100 -> 90 | W26: =IFERROR(IF(V26<D26,"Perlu mengulang beberapa Tujuan Pembelajaran dalam Mata Pelajarann ",IF(V26>=D26,"Dinyatakan tuntas untuk seluruh Tujuan Pembelajaran dalam Mata Pelajaran ","")),"") &L5 -> Dinyatakan tuntas untuk seluruh Tujuan Pembelajaran dalam Mata Pelajaran PAI dan Budi Pekerti
A27: 16 | B27: 3168012888 / 232401016 | C27: KAYSAN RAJENDRA | D27: 70 | E27: 1 | F27: 1 | G27: 1 | H27: 1 | I27: 1 | J27: 0 | K27: 1 | L27: 1 | M27: 0 | N27: 1 | O27: 2 | P27: 2 | Q27: 2 | R27: 1 | S27: 2 | U27: =SUM(E27:S27) -> 17 | V27: =U27/T11*100 -> 85 | W27: =IFERROR(IF(V27<D27,"Perlu mengulang beberapa Tujuan Pembelajaran dalam Mata Pelajarann ",IF(V27>=D27,"Dinyatakan tuntas untuk seluruh Tujuan Pembelajaran dalam Mata Pelajaran ","")),"") &L5 -> Dinyatakan tuntas untuk seluruh Tujuan Pembelajaran dalam Mata Pelajaran PAI dan Budi Pekerti
A28: 17 | B28: 3173642710 / 232401017 | C28: MEITA PRABA NURRIZKI | D28: 70 | E28: 1 | F28: 1 | G28: 1 | H28: 1 | I28: 1 | J28: 0 | K28: 1 | L28: 1 | M28: 0 | N28: 1 | O28: 2 | P28: 2 | Q28: 2 | R28: 2 | S28: 2 | U28: =SUM(E28:S28) -> 18 | V28: =U28/T11*100 -> 90 | W28: =IFERROR(IF(V28<D28,"Perlu mengulang beberapa Tujuan Pembelajaran dalam Mata Pelajarann ",IF(V28>=D28,"Dinyatakan tuntas untuk seluruh Tujuan Pembelajaran dalam Mata Pelajaran ","")),"") &L5 -> Dinyatakan tuntas untuk seluruh Tujuan Pembelajaran dalam Mata Pelajaran PAI dan Budi Pekerti
A29: 18 | B29: 3174719695 / 232401018 | C29: MILKA NURUL FADHILAH | D29: 70 | E29: 0 | F29: 0 | G29: 1 | H29: 1 | I29: 1 | J29: 1 | K29: 0 | L29: 1 | M29: 0 | N29: 1 | O29: 2 | P29: 2 | Q29: 2 | R29: 2 | S29: 2 | U29: =SUM(E29:S29) -> 16 | V29: =U29/T11*100 -> 80 | W29: =IFERROR(IF(V29<D29,"Perlu mengulang beberapa Tujuan Pembelajaran dalam Mata Pelajarann ",IF(V29>=D29,"Dinyatakan tuntas untuk seluruh Tujuan Pembelajaran dalam Mata Pelajaran ","")),"") &L5 -> Dinyatakan tuntas untuk seluruh Tujuan Pembelajaran dalam Mata Pelajaran PAI dan Budi Pekerti
A30: 19 | B30: 3170243842 / 232401019 | C30: MIRA SINTIAWATI | D30: 70 | E30: 1 | F30: 1 | G30: 1 | H30: 0 | I30: 0 | J30: 0 | K30: 1 | L30: 1 | M30: 1 | N30: 1 | O30: 2 | P30: 2 | Q30: 2 | R30: 2 | S30: 2 | U30: =SUM(E30:S30) -> 17 | V30: =U30/T11*100 -> 85 | W30: =IFERROR(IF(V30<D30,"Perlu mengulang beberapa Tujuan Pembelajaran dalam Mata Pelajarann ",IF(V30>=D30,"Dinyatakan tuntas untuk seluruh Tujuan Pembelajaran dalam Mata Pelajaran ","")),"") &L5 -> Dinyatakan tuntas untuk seluruh Tujuan Pembelajaran dalam Mata Pelajaran PAI dan Budi Pekerti
A31: 20 | B31: 3160808194 / 232401020 | C31: MUHAMMAD HADIQ AL FARUQ | D31: 70 | E31: 1 | F31: 1 | G31: 1 | H31: 1 | I31: 0 | J31: 1 | K31: 0 | L31: 1 | M31: 0 | N31: 1 | O31: 2 | P31: 2 | Q31: 2 | R31: 2 | S31: 2 | U31: =SUM(E31:S31) -> 17 | V31: =U31/T11*100 -> 85 | W31: =IFERROR(IF(V31<D31,"Perlu mengulang beberapa Tujuan Pembelajaran dalam Mata Pelajarann ",IF(V31>=D31,"Dinyatakan tuntas untuk seluruh Tujuan Pembelajaran dalam Mata Pelajaran ","")),"") &L5 -> Dinyatakan tuntas untuk seluruh Tujuan Pembelajaran dalam Mata Pelajaran PAI dan Budi Pekerti
A32: 21 | B32: 3162061937 / 232401021 | C32: MUTIA ALIFA AZZAHRA | D32: 70 | E32: 0 | F32: 0 | G32: 1 | H32: 1 | I32: 1 | J32: 1 | K32: 1 | L32: 1 | M32: 0 | N32: 1 | O32: 2 | P32: 2 | Q32: 2 | R32: 2 | S32: 2 | U32: =SUM(E32:S32) -> 17 | V32: =U32/T11*100 -> 85 | W32: =IFERROR(IF(V32<D32,"Perlu mengulang beberapa Tujuan Pembelajaran dalam Mata Pelajarann ",IF(V32>=D32,"Dinyatakan tuntas untuk seluruh Tujuan Pembelajaran dalam Mata Pelajaran ","")),"") &L5 -> Dinyatakan tuntas untuk seluruh Tujuan Pembelajaran dalam Mata Pelajaran PAI dan Budi Pekerti
A33: 22 | B33: 3173955890 / 232401022 | C33: MUTIA PUTRI NURAZIZAH | D33: 70 | E33: 0 | F33: 1 | G33: 1 | H33: 1 | I33: 1 | J33: 0 | K33: 0 | L33: 1 | M33: 0 | N33: 1 | O33: 2 | P33: 2 | Q33: 2 | R33: 2 | S33: 2 | U33: =SUM(E33:S33) -> 16 | V33: =U33/T11*100 -> 80 | W33: =IFERROR(IF(V33<D33,"Perlu mengulang beberapa Tujuan Pembelajaran dalam Mata Pelajarann ",IF(V33>=D33,"Dinyatakan tuntas untuk seluruh Tujuan Pembelajaran dalam Mata Pelajaran ","")),"") &L5 -> Dinyatakan tuntas untuk seluruh Tujuan Pembelajaran dalam Mata Pelajaran PAI dan Budi Pekerti
A34: 23 | B34: 3164171038 / 232401023 | C34: NABIL KAFIN ABIZARD | D34: 70 | E34: 1 | F34: 1 | G34: 0 | H34: 0 | I34: 1 | J34: 0 | K34: 1 | L34: 1 | M34: 0 | N34: 1 | O34: 2 | P34: 2 | Q34: 2 | R34: 2 | S34: 2 | U34: =SUM(E34:S34) -> 16 | V34: =U34/T11*100 -> 80 | W34: =IFERROR(IF(V34<D34,"Perlu mengulang beberapa Tujuan Pembelajaran dalam Mata Pelajarann ",IF(V34>=D34,"Dinyatakan tuntas untuk seluruh Tujuan Pembelajaran dalam Mata Pelajaran ","")),"") &L5 -> Dinyatakan tuntas untuk seluruh Tujuan Pembelajaran dalam Mata Pelajaran PAI dan Budi Pekerti
A35: 24 | B35: 3168619383 / 232401024 | C35: Nursilmi Fauziyah | D35: 70 | E35: 1 | F35: 0 | G35: 1 | H35: 1 | I35: 1 | J35: 1 | K35: 1 | L35: 1 | M35: 0 | N35: 1 | O35: 2 | P35: 2 | Q35: 2 | R35: 2 | S35: 2 | U35: =SUM(E35:S35) -> 18 | V35: =U35/T11*100 -> 90 | W35: =IFERROR(IF(V35<D35,"Perlu mengulang beberapa Tujuan Pembelajaran dalam Mata Pelajarann ",IF(V35>=D35,"Dinyatakan tuntas untuk seluruh Tujuan Pembelajaran dalam Mata Pelajaran ","")),"") &L5 -> Dinyatakan tuntas untuk seluruh Tujuan Pembelajaran dalam Mata Pelajaran PAI dan Budi Pekerti
A36: 25 | B36: 3177975994 / 232401025 | C36: RAHMA AZAHRA | D36: 70 | E36: 1 | F36: 0 | G36: 1 | H36: 1 | I36: 1 | J36: 0 | K36: 1 | L36: 1 | M36: 0 | N36: 1 | O36: 2 | P36: 2 | Q36: 2 | R36: 2 | S36: 2 | U36: =SUM(E36:S36) -> 17 | V36: =U36/T11*100 -> 85 | W36: =IFERROR(IF(V36<D36,"Perlu mengulang beberapa Tujuan Pembelajaran dalam Mata Pelajarann ",IF(V36>=D36,"Dinyatakan tuntas untuk seluruh Tujuan Pembelajaran dalam Mata Pelajaran ","")),"") &L5 -> Dinyatakan tuntas untuk seluruh Tujuan Pembelajaran dalam Mata Pelajaran PAI dan Budi Pekerti
A37: 26 | B37: 3166760674 / 232401026 | C37: RIFKY NAUFAL RAMDHANI | D37: 70 | E37: 1 | F37: 1 | G37: 1 | H37: 1 | I37: 1 | J37: 1 | K37: 0 | L37: 1 | M37: 0 | N37: 1 | O37: 2 | P37: 2 | Q37: 2 | R37: 2 | S37: 2 | U37: =SUM(E37:S37) -> 18 | V37: =U37/T11*100 -> 90 | W37: =IFERROR(IF(V37<D37,"Perlu mengulang beberapa Tujuan Pembelajaran dalam Mata Pelajarann ",IF(V37>=D37,"Dinyatakan tuntas untuk seluruh Tujuan Pembelajaran dalam Mata Pelajaran ","")),"") &L5 -> Dinyatakan tuntas untuk seluruh Tujuan Pembelajaran dalam Mata Pelajaran PAI dan Budi Pekerti
A38: 27 | B38: 3170616522 / 232401027 | C38: RIFKY NIZAM RAMADANSYAH | D38: 70 | E38: 1 | F38: 1 | G38: 1 | H38: 1 | I38: 1 | J38: 1 | K38: 1 | L38: 1 | M38: 0 | N38: 1 | O38: 2 | P38: 2 | Q38: 2 | R38: 2 | S38: 2 | U38: =SUM(E38:S38) -> 19 | V38: =U38/T11*100 -> 95 | W38: =IFERROR(IF(V38<D38,"Perlu mengulang beberapa Tujuan Pembelajaran dalam Mata Pelajarann ",IF(V38>=D38,"Dinyatakan tuntas untuk seluruh Tujuan Pembelajaran dalam Mata Pelajaran ","")),"") &L5 -> Dinyatakan tuntas untuk seluruh Tujuan Pembelajaran dalam Mata Pelajaran PAI dan Budi Pekerti
A39: 28 | B39: 3165120944 / 232401028 | C39: SAMSUL HADI NURU. | D39: 70 | E39: 1 | F39: 1 | G39: 0 | H39: 1 | I39: 0 | J39: 1 | K39: 0 | L39: 1 | M39: 0 | N39: 1 | O39: 2 | P39: 1 | Q39: 1 | R39: 1 | S39: 1 | U39: =SUM(E39:S39) -> 12 | V39: =U39/T11*100 -> 60 | W39: =IFERROR(IF(V39<D39,"Perlu mengulang beberapa Tujuan Pembelajaran dalam Mata Pelajarann ",IF(V39>=D39,"Dinyatakan tuntas untuk seluruh Tujuan Pembelajaran dalam Mata Pelajaran ","")),"") &L5 -> Perlu mengulang beberapa Tujuan Pembelajaran dalam Mata Pelajarann PAI dan Budi Pekerti
A40: 29 | B40: 3166662295 / 232401029 | C40: SHELA AULIA SUJANA | D40: 70 | E40: 1 | F40: 1 | G40: 1 | H40: 0 | I40: 0 | J40: 1 | K40: 0 | L40: 1 | M40: 0 | N40: 1 | O40: 2 | P40: 2 | Q40: 2 | R40: 2 | S40: 2 | U40: =SUM(E40:S40) -> 16 | V40: =U40/T11*100 -> 80 | W40: =IFERROR(IF(V40<D40,"Perlu mengulang beberapa Tujuan Pembelajaran dalam Mata Pelajarann ",IF(V40>=D40,"Dinyatakan tuntas untuk seluruh Tujuan Pembelajaran dalam Mata Pelajaran ","")),"") &L5 -> Dinyatakan tuntas untuk seluruh Tujuan Pembelajaran dalam Mata Pelajaran PAI dan Budi Pekerti
A41: 30 | B41: 3171885467 / 232401030 | C41: SIFA FEBRIANA ZAHIRA. | D41: 70 | E41: 0 | F41: 0 | G41: 0 | H41: 0 | I41: 0 | J41: 0 | K41: 0 | L41: 1 | M41: 0 | N41: 0 | O41: 2 | P41: 2 | Q41: 2 | R41: 2 | S41: 2 | U41: =SUM(E41:S41) -> 11 | V41: =U41/T11*100 -> 55 | W41: =IFERROR(IF(V41<D41,"Perlu mengulang beberapa Tujuan Pembelajaran dalam Mata Pelajarann ",IF(V41>=D41,"Dinyatakan tuntas untuk seluruh Tujuan Pembelajaran dalam Mata Pelajaran ","")),"") &L5 -> Perlu mengulang beberapa Tujuan Pembelajaran dalam Mata Pelajarann PAI dan Budi Pekerti
A42: 31 | B42: 3160399284 / 232401042 | C42: SIVA SURYANI | D42: 70 | E42: 0 | F42: 1 | G42: 1 | H42: 0 | I42: 0 | J42: 0 | K42: 0 | L42: 1 | M42: 0 | N42: 1 | O42: 2 | P42: 2 | Q42: 2 | R42: 2 | S42: 2 | U42: =SUM(E42:S42) -> 14 | V42: =U42/T11*100 -> 70 | W42: =IFERROR(IF(V42<D42,"Perlu mengulang beberapa Tujuan Pembelajaran dalam Mata Pelajarann ",IF(V42>=D42,"Dinyatakan tuntas untuk seluruh Tujuan Pembelajaran dalam Mata Pelajaran ","")),"") &L5 -> Dinyatakan tuntas untuk seluruh Tujuan Pembelajaran dalam Mata Pelajaran PAI dan Budi Pekerti
A43: 32 | B43: 3163684371 / 232401031 | C43: TEDI I AZRY KURNIA | D43: 70 | E43: 1 | F43: 1 | G43: 1 | H43: 1 | I43: 1 | J43: 1 | K43: 0 | L43: 1 | M43: 0 | N43: 1 | O43: 2 | P43: 2 | Q43: 2 | R43: 2 | S43: 2 | U43: =SUM(E43:S43) -> 18 | V43: =U43/T11*100 -> 90 | W43: =IFERROR(IF(V43<D43,"Perlu mengulang beberapa Tujuan Pembelajaran dalam Mata Pelajarann ",IF(V43>=D43,"Dinyatakan tuntas untuk seluruh Tujuan Pembelajaran dalam Mata Pelajaran ","")),"") &L5 -> Dinyatakan tuntas untuk seluruh Tujuan Pembelajaran dalam Mata Pelajaran PAI dan Budi Pekerti
A44: 33 | B44: 3165625220 / 232401032 | C44: TRISTAN SAKHA PERMANA | D44: 70 | E44: 1 | F44: 1 | G44: 0 | H44: 1 | I44: 0 | J44: 1 | K44: 0 | L44: 1 | M44: 0 | N44: 1 | O44: 2 | P44: 1 | Q44: 1 | R44: 1 | S44: 1 | U44: =SUM(E44:S44) -> 12 | V44: =U44/T11*100 -> 60 | W44: =IFERROR(IF(V44<D44,"Perlu mengulang beberapa Tujuan Pembelajaran dalam Mata Pelajarann ",IF(V44>=D44,"Dinyatakan tuntas untuk seluruh Tujuan Pembelajaran dalam Mata Pelajaran ","")),"") &L5 -> Perlu mengulang beberapa Tujuan Pembelajaran dalam Mata Pelajarann PAI dan Budi Pekerti
A45: 34 | B45: 3169637412 / 232401033 | C45: ZAIN ROMANSYAH. | D45: 70 | E45: 1 | F45: 1 | G45: 1 | H45: 0 | I45: 1 | J45: 0 | K45: 1 | L45: 1 | M45: 0 | N45: 1 | O45: 2 | P45: 2 | Q45: 2 | R45: 2 | S45: 1 | U45: =SUM(E45:S45) -> 16 | V45: =U45/T11*100 -> 80 | W45: =IFERROR(IF(V45<D45,"Perlu mengulang beberapa Tujuan Pembelajaran dalam Mata Pelajarann ",IF(V45>=D45,"Dinyatakan tuntas untuk seluruh Tujuan Pembelajaran dalam Mata Pelajaran ","")),"") &L5 -> Dinyatakan tuntas untuk seluruh Tujuan Pembelajaran dalam Mata Pelajaran PAI dan Budi Pekerti
A46: 35 | B46: 3164974029 / 232401034 | C46: ZIHAN SRI RIZKI | D46: 70 | E46: 1 | F46: 1 | G46: 1 | H46: 1 | I46: 1 | J46: 1 | K46: 1 | L46: 1 | M46: 0 | N46: 1 | O46: 2 | P46: 2 | Q46: 2 | R46: 2 | S46: 2 | U46: =SUM(E46:S46) -> 19 | V46: =U46/T11*100 -> 95 | W46: =IFERROR(IF(V46<D46,"Perlu mengulang beberapa Tujuan Pembelajaran dalam Mata Pelajarann ",IF(V46>=D46,"Dinyatakan tuntas untuk seluruh Tujuan Pembelajaran dalam Mata Pelajaran ","")),"") &L5 -> Dinyatakan tuntas untuk seluruh Tujuan Pembelajaran dalam Mata Pelajaran PAI dan Budi Pekerti
F49: ='oke Lingk. 1'!H43 -> Mengetahui | W49: Banjar, Maret 2024
F50: ='oke Lingk. 1'!H44 -> Kepala UPTD SDN 1 Sukamukti | W50: Kepala UPTD SDN 1 Sukamukti
F54: ='oke Lingk. 1'!H48 -> DUDUNG, S.Pd.SD | W54: ANISA NURBASARI, S.Pd.I
F55: ='oke Lingk. 1'!H49 -> NIP. 197111101993071001 | W55: NIP. 198702092019032004

Sheet oke Lingk. 1
G1: ANALISIS HASIL ASESMEN SUMATIF TUJUAN PEMBELAJARAN | AM1: =G1 -> ANALISIS HASIL ASESMEN SUMATIF TUJUAN PEMBELAJARAN | BS1: =AM1 -> ANALISIS HASIL ASESMEN SUMATIF TUJUAN PEMBELAJARAN
G2: TAHUN AJARAN 2025/2026 | AM2: =G2 -> TAHUN AJARAN 2025/2026 | BS2: =AM2 -> TAHUN AJARAN 2025/2026
G4: Kelas / Semester | M4: : | N4: I / 1 | Q4: : | R4: I/2 | AM4: Kelas / Semester | AS4: : | AT4: =N4 -> I / 1 | BS4: Kelas / Semester | BY4: : | BZ4: =AT4 -> I / 1
G5: Mata Pelajaran | M5: : | N5: PAI dan Budi Pekerti | Q5: : | R5: PAI dan Budi Pekerti | AM5: Mata Pelajaran | AS5: : | AT5: =N5 -> PAI dan Budi Pekerti | BS5: Mata Pelajaran | BY5: : | BZ5: =AT5 -> PAI dan Budi Pekerti
G6: Sumatif TP 1 | M6: : | N6: Senang membaca al-qur'an | Q6: : | R6: Senang membaca al-qur'an | AM6: Lingkup Materi | AS6: : | AT6: =N6 -> Senang membaca al-qur'an | BS6: Lingkup Materi | BY6: : | BZ6: {=S6T6} -> #NAME?
A8: NO | B8: NIS | C8: NAMA SISWA | F8: Kode TP 1 | U8: Kode TP 2 | AL8: Kode TP 3 | BA8: Kode TP …......... | BR8: Kode TP …......... | CG8: Kode TP ….........
F9: Nilai Minimal | G9: 1 | H9: 2 | I9: 3 | J9: 4 | K9: 5 | L9: 6 | M9: 7 | N9: 8 | O9: 9 | P9: 10 | R9: Skor | S9: Nilai Akhir | T9: Tindak Lanjut | U9: Nilai Minimal | V9: 1 | W9: 2 | X9: 3 | Y9: 4 | Z9: 5 | AA9: 6 | AB9: 7 | AC9: 8 | AD9: 9 | AE9: 10 | AG9: Skor | AH9: Nilai Akhir | AI9: Tindak Lanjut | AL9: Nilai Minimal | AM9: 1 | AN9: 2 | AO9: 3 | AP9: 4 | AQ9: 5 | AR9: 6 | AS9: 7 | AT9: 8 | AU9: 9 | AV9: 10 | AX9: Skor | AY9: Nilai Akhir | AZ9: Tindak Lanjut | BA9: Nilai Minimal | BB9: 1 | BC9: 2 | BD9: 3 | BE9: 4 | BF9: 5 | BG9: 6 | BH9: 7 | BI9: 8 | BJ9: 9 | BK9: 10 | BM9: Skor | BN9: Nilai Akhir | BO9: Tindak Lanjut | BR9: Nilai Minimal | BS9: 1 | BT9: 2 | BU9: 3 | BV9: 4 | BW9: 5 | BX9: 6 | BY9: 7 | BZ9: 8 | CA9: 9 | CB9: 10 | CD9: Skor | CE9: Nilai Akhir | CF9: Tindak Lanjut | CG9: Nilai Minimal | CH9: 1 | CI9: 2 | CJ9: 3 | CK9: 4 | CL9: 5 | CM9: 6 | CN9: 7 | CO9: 8 | CP9: 9 | CQ9: 10 | CS9: Skor | CT9: Nilai Akhir | CU9: Tindak Lanjut
G10: Skor Maks Tiap Soal | V10: Skor Maks Tiap Soal | AM10: Skor Maks Tiap Soal | BB10: Skor Maksimal Tiap Soal | BS10: Skor Maksimal Tiap Soal | CH10: Skor Maksimal Tiap Soal
C11: Skor Maksimal | G11: 2 | H11: 2 | I11: 2 | J11: 2 | K11: 2 | L11: 1 | M11: 1 | N11: 1 | O11: 1 | P11: 2 | Q11: 10 | AB11: 1 | AC11: 1 | AD11: 1 | AE11: 2 | AF11: 10 | AM11: 2 | AN11: 2 | AO11: 2 | AP11: 2 | AQ11: 2 | AR11: 1 | AS11: 1 | AT11: 1 | AU11: 1 | AV11: 2 | AW11: 10 | BB11: 1 | BC11: 1 | BD11: 1 | BE11: 1 | BF11: 1 | BG11: 1 | BH11: 1 | BI11: 1 | BJ11: 1 | BK11: 2 | BL11: =SUM(BB11:BK11) -> 11 | BS11: 1 | BT11: 1 | BU11: 1 | BV11: 1 | BW11: 1 | BX11: 1 | BY11: 1 | BZ11: 1 | CA11: 1 | CB11: 2 | CC11: =SUM(BS11:CB11) -> 11 | CH11: 1 | CI11: 1 | CJ11: 1 | CK11: 1 | CL11: 1 | CM11: 1 | CN11: 1 | CO11: 1 | CP11: 1 | CQ11: 2 | CR11: =SUM(CH11:CQ11) -> 11
A12: 1 | B12: 3181038146 / 242501001 | C12: AFIFAH NAYLATUL GAFFAR | F12: 70 | G12: 2 | H12: 2 | I12: 2 | J12: 2 | K12: 2 | R12: =SUM(G12:P12) -> 10 | S12: =R12/Q11*100 -> 100 | T12: =IFERROR(IF(S12<F12,"Perbaikan",IF(S12>=F12,"Pengayaan","")),"") -> Pengayaan | U12: 70 | AG12: =SUM(V12:AE12) -> 0 | AH12: =AG12/AF11*100 -> 0 | AI12: =IFERROR(IF(AH12<U12,"Perbaiakan",IF(AH12>=U12,"Pengayaan","")),"") -> Perbaiakan | AL12: 70 | AX12: =SUM(AM12:AV12) -> 0 | AY12: =AX12/AW11*100 -> 0 | AZ12: =IFERROR(IF(AY12<AL12,"Perbaiakan",IF(AY12>=AL12,"Pengayaan","")),"") -> Perbaiakan | BM12: =SUM(BB12:BK12) -> 0 | BN12: =BM12/BL11*100 -> 0 | BO12: =IFERROR(IF(BN12<BA12,"Perbaiakan",IF(BN12>=BA12,"Pengayaan","")),"") -> Pengayaan | BR12: 65 | BS12: 1 | BT12: 1 | BU12: 1 | BV12: 1 | BW12: 1 | BX12: 1 | BY12: 1 | BZ12: 1 | CA12: 1 | CB12: 2 | CD12: =SUM(BS12:CB12) -> 11 | CE12: =CD12/CC11*100 -> 100 | CF12: =IFERROR(IF(CE12<BR12,"Perbaiakan",IF(CE12>=BR12,"Pengayaan","")),"") -> Pengayaan | CS12: =SUM(CH12:CQ12) -> 0 | CT12: =CS12/CR11*100 -> 0 | CU12: =IFERROR(IF(CT12<CG12,"Perbaiakan",IF(CT12>=CG12,"Pengayaan","")),"") -> Pengayaan
A13: 2 | B13: 3176185752 / 242501002 | C13: AISHA ALIFA RUSTIANA | F13: 70 | G13: 2 | H13: 2 | I13: 2 | J13: 2 | K13: 2 | R13: =SUM(G13:P13) -> 10 | S13: =R13/Q11*100 -> 100 | T13: =IFERROR(IF(S13<F13,"Perbaiakan",IF(S13>=F13,"Pengayaan","")),"") -> Pengayaan | U13: 70 | AG13: =SUM(V13:AE13) -> 0 | AH13: =AG13/AF11*100 -> 0 | AI13: =IFERROR(IF(AH13<U13,"Perbaiakan",IF(AH13>=U13,"Pengayaan","")),"") -> Perbaiakan | AL13: 70 | AX13: =SUM(AM13:AV13) -> 0 | AY13: =AX13/AW11*100 -> 0 | AZ13: =IFERROR(IF(AY13<AL13,"Perbaiakan",IF(AY13>=AL13,"Pengayaan","")),"") -> Perbaiakan | BM13: =SUM(BB13:BK13) -> 0 | BN13: =BM13/BL11*100 -> 0 | BO13: =IFERROR(IF(BN13<BA13,"Perbaiakan",IF(BN13>=BA13,"Pengayaan","")),"") -> Pengayaan | BR13: 60 | BS13: 1 | BT13: 1 | BU13: 1 | BV13: 1 | BW13: 1 | BX13: 1 | CD13: =SUM(BS13:CB13) -> 6 | CE13: =CD13/CC11*100 -> 54.545455 | CF13: =IFERROR(IF(CE13<BR13,"Perbaiakan",IF(CE13>=BR13,"Pengayaan","")),"") -> Perbaiakan | CS13: =SUM(CH13:CQ13) -> 0 | CT13: =CS13/CR11*100 -> 0 | CU13: =IFERROR(IF(CT13<CG13,"Perbaiakan",IF(CT13>=CG13,"Pengayaan","")),"") -> Pengayaan
A14: 3 | B14: 3184313046 / 242501003 | C14: ALBIANSYAH SANDY SANJAYA | F14: 70 | G14: 2 | H14: 2 | I14: 2 | J14: 2 | K14: 2 | R14: =SUM(G14:P14) -> 10 | S14: =R14/Q11*100 -> 100 | T14: =IFERROR(IF(S14<F14,"Perbaikan",IF(S14>=F14,"Pengayaan","")),"") -> Pengayaan | U14: 70 | AG14: =SUM(V14:AE14) -> 0 | AH14: =AG14/AF11*100 -> 0 | AI14: =IFERROR(IF(AH14<U14,"Perbaiakan",IF(AH14>=U14,"Pengayaan","")),"") -> Perbaiakan | AL14: 70 | AX14: =SUM(AM14:AV14) -> 0 | AY14: =AX14/AW11*100 -> 0 | AZ14: =IFERROR(IF(AY14<AL14,"Perbaiakan",IF(AY14>=AL14,"Pengayaan","")),"") -> Perbaiakan | BM14: =SUM(BB14:BK14) -> 0 | BN14: =BM14/BL11*100 -> 0 | BO14: =IFERROR(IF(BN14<BA14,"Perbaiakan",IF(BN14>=BA14,"Pengayaan","")),"") -> Pengayaan | CD14: =SUM(BS14:CB14) -> 0 | CE14: =CD14/CC11*100 -> 0 | CF14: =IFERROR(IF(CE14<BR14,"Perbaiakan",IF(CE14>=BR14,"Pengayaan","")),"") -> Pengayaan | CS14: =SUM(CH14:CQ14) -> 0 | CT14: =CS14/CR11*100 -> 0 | CU14: =IFERROR(IF(CT14<CG14,"Perbaiakan",IF(CT14>=CG14,"Pengayaan","")),"") -> Pengayaan
A15: 4 | B15: 3176770481 / 242501004 | C15: ARSYILA ANINDYA PUTRI | F15: 70 | G15: 2 | H15: 2 | I15: 2 | J15: 2 | K15: 2 | R15: =SUM(G15:P15) -> 10 | S15: =R15/Q11*100 -> 100 | T15: =IFERROR(IF(S15<F15,"Perbaiakan",IF(S15>=F15,"Pengayaan","")),"") -> Pengayaan | U15: 70 | AG15: =SUM(V15:AE15) -> 0 | AH15: =AG15/AF11*100 -> 0 | AI15: =IFERROR(IF(AH15<U15,"Perbaiakan",IF(AH15>=U15,"Pengayaan","")),"") -> Perbaiakan | AL15: 70 | AX15: =SUM(AM15:AV15) -> 0 | AY15: =AX15/AW11*100 -> 0 | AZ15: =IFERROR(IF(AY15<AL15,"Perbaiakan",IF(AY15>=AL15,"Pengayaan","")),"") -> Perbaiakan | BM15: =SUM(BB15:BK15) -> 0 | BN15: =BM15/BL11*100 -> 0 | BO15: =IFERROR(IF(BN15<BA15,"Perbaiakan",IF(BN15>=BA15,"Pengayaan","")),"") -> Pengayaan | CD15: =SUM(BS15:CB15) -> 0 | CE15: =CD15/CC11*100 -> 0 | CF15: =IFERROR(IF(CE15<BR15,"Perbaiakan",IF(CE15>=BR15,"Pengayaan","")),"") -> Pengayaan | CS15: =SUM(CH15:CQ15) -> 0 | CT15: =CS15/CR11*100 -> 0 | CU15: =IFERROR(IF(CT15<CG15,"Perbaiakan",IF(CT15>=CG15,"Pengayaan","")),"") -> Pengayaan
A16: 5 | B16: 3179484635 / 242501005 | C16: ARYA YUDHA SENA | F16: 70 | G16: 2 | H16: 1 | I16: 0 | J16: 2 | K16: 2 | R16: =SUM(G16:P16) -> 7 | S16: =R16/Q11*100 -> 70 | T16: =IFERROR(IF(S16<F16,"Perbaikan",IF(S16>=F16,"Pengayaan","")),"") -> Pengayaan | U16: 70 | AG16: =SUM(V16:AE16) -> 0 | AH16: =AG16/AF11*100 -> 0 | AI16: =IFERROR(IF(AH16<U16,"Perbaiakan",IF(AH16>=U16,"Pengayaan","")),"") -> Perbaiakan | AL16: 70 | AX16: =SUM(AM16:AV16) -> 0 | AY16: =AX16/AW11*100 -> 0 | AZ16: =IFERROR(IF(AY16<AL16,"Perbaiakan",IF(AY16>=AL16,"Pengayaan","")),"") -> Perbaiakan | BM16: =SUM(BB16:BK16) -> 0 | BN16: =BM16/BL11*100 -> 0 | BO16: =IFERROR(IF(BN16<BA16,"Perbaiakan",IF(BN16>=BA16,"Pengayaan","")),"") -> Pengayaan | CD16: =SUM(BS16:CB16) -> 0 | CE16: =CD16/CC11*100 -> 0 | CF16: =IFERROR(IF(CE16<BR16,"Perbaiakan",IF(CE16>=BR16,"Pengayaan","")),"") -> Pengayaan | CS16: =SUM(CH16:CQ16) -> 0 | CT16: =CS16/CR11*100 -> 0 | CU16: =IFERROR(IF(CT16<CG16,"Perbaiakan",IF(CT16>=CG16,"Pengayaan","")),"") -> Pengayaan
A17: 6 | B17: 3175779890 / 242501006 | C17: AZKADINA IZZATUNNISA | F17: 70 | G17: 2 | H17: 2 | I17: 2 | J17: 2 | K17: 2 | R17: =SUM(G17:P17) -> 10 | S17: =R17/Q11*100 -> 100 | T17: =IFERROR(IF(S17<F17,"Perbaikan",IF(S17>=F17,"Pengayaan","")),"") -> Pengayaan | U17: 70 | AG17: =SUM(V17:AE17) -> 0 | AH17: =AG17/AF11*100 -> 0 | AI17: =IFERROR(IF(AH17<U17,"Perbaiakan",IF(AH17>=U17,"Pengayaan","")),"") -> Perbaiakan | AL17: 70 | AX17: =SUM(AM17:AV17) -> 0 | AY17: =AX17/AW11*100 -> 0 | AZ17: =IFERROR(IF(AY17<AL17,"Perbaikan",IF(AY17>=AL17,"Pengayaan","")),"") -> Perbaikan | BM17: =SUM(BB17:BK17) -> 0 | BN17: =BM17/BL11*100 -> 0 | BO17: =IFERROR(IF(BN17<BA17,"Perbaiakan",IF(BN17>=BA17,"Pengayaan","")),"") -> Pengayaan | CD17: =SUM(BS17:CB17) -> 0 | CE17: =CD17/CC11*100 -> 0 | CF17: =IFERROR(IF(CE17<BR17,"Perbaiakan",IF(CE17>=BR17,"Pengayaan","")),"") -> Pengayaan | CS17: =SUM(CH17:CQ17) -> 0 | CT17: =CS17/CR11*100 -> 0 | CU17: =IFERROR(IF(CT17<CG17,"Perbaiakan",IF(CT17>=CG17,"Pengayaan","")),"") -> Pengayaan
A18: 7 | B18: 3181024308 / 242501007 | C18: CYNTA NURMAYANTI | F18: 70 | G18: 2 | H18: 2 | I18: 2 | J18: 1 | K18: 0 | R18: =SUM(G18:P18) -> 7 | S18: =R18/Q11*100 -> 70 | T18: =IFERROR(IF(S18<F18,"Perbaiakan",IF(S18>=F18,"Pengayaan","")),"") -> Pengayaan | U18: 70 | AG18: =SUM(V18:AE18) -> 0 | AH18: =AG18/AF11*100 -> 0 | AI18: =IFERROR(IF(AH18<U18,"Perbaikan",IF(AH18>=U18,"Pengayaan","")),"") -> Perbaikan | AL18: 70 | AX18: =SUM(AM18:AV18) -> 0 | AY18: =AX18/AW11*100 -> 0 | AZ18: =IFERROR(IF(AY18<AL18,"Perbaiakan",IF(AY18>=AL18,"Pengayaan","")),"") -> Perbaiakan | BM18: =SUM(BB18:BK18) -> 0 | BN18: =BM18/BL11*100 -> 0 | BO18: =IFERROR(IF(BN18<BA18,"Perbaiakan",IF(BN18>=BA18,"Pengayaan","")),"") -> Pengayaan | CD18: =SUM(BS18:CB18) -> 0 | CE18: =CD18/CC11*100 -> 0 | CF18: =IFERROR(IF(CE18<BR18,"Perbaiakan",IF(CE18>=BR18,"Pengayaan","")),"") -> Pengayaan | CS18: =SUM(CH18:CQ18) -> 0 | CT18: =CS18/CR11*100 -> 0 | CU18: =IFERROR(IF(CT18<CG18,"Perbaiakan",IF(CT18>=CG18,"Pengayaan","")),"") -> Pengayaan
A19: 8 | B19: 3182419437 / 242501008 | C19: DARIS SAIFUL ANWAR | F19: 70 | G19: 2 | H19: 2 | I19: 2 | J19: 2 | K19: 2 | R19: =SUM(G19:P19) -> 10 | S19: =R19/Q11*100 -> 100 | T19: =IFERROR(IF(S19<F19,"Perbaiakan",IF(S19>=F19,"Pengayaan","")),"") -> Pengayaan | U19: 70 | AG19: =SUM(V19:AE19) -> 0 | AH19: =AG19/AF11*100 -> 0 | AI19: =IFERROR(IF(AH19<U19,"Perbaiakan",IF(AH19>=U19,"Pengayaan","")),"") -> Perbaiakan | AL19: 70 | AX19: =SUM(AM19:AV19) -> 0 | AY19: =AX19/AW11*100 -> 0 | AZ19: =IFERROR(IF(AY19<AL19,"Perbaiakan",IF(AY19>=AL19,"Pengayaan","")),"") -> Perbaiakan | BM19: =SUM(BB19:BK19) -> 0 | BN19: =BM19/BL11*100 -> 0 | BO19: =IFERROR(IF(BN19<BA19,"Perbaiakan",IF(BN19>=BA19,"Pengayaan","")),"") -> Pengayaan | CD19: =SUM(BS19:CB19) -> 0 | CE19: =CD19/CC11*100 -> 0 | CF19: =IFERROR(IF(CE19<BR19,"Perbaiakan",IF(CE19>=BR19,"Pengayaan","")),"") -> Pengayaan | CS19: =SUM(CH19:CQ19) -> 0 | CT19: =CS19/CR11*100 -> 0 | CU19: =IFERROR(IF(CT19<CG19,"Perbaiakan",IF(CT19>=CG19,"Pengayaan","")),"") -> Pengayaan
A20: 9 | B20: 3187448649 / 242501009 | C20: DIAN NUR DWI ARYANI | F20: 70 | G20: 2 | H20: 2 | I20: 2 | J20: 1 | K20: 0 | R20: =SUM(G20:P20) -> 7 | S20: =R20/Q11*100 -> 70 | T20: =IFERROR(IF(S20<F20,"Perbaiakan",IF(S20>=F20,"Pengayaan","")),"") -> Pengayaan | U20: 70 | AG20: =SUM(V20:AE20) -> 0 | AH20: =AG20/AF11*100 -> 0 | AI20: =IFERROR(IF(AH20<U20,"Perbaiakan",IF(AH20>=U20,"Pengayaan","")),"") -> Perbaiakan | AL20: 70 | AX20: =SUM(AM20:AV20) -> 0 | AY20: =AX20/AW11*100 -> 0 | AZ20: =IFERROR(IF(AY20<AL20,"Perbaiakan",IF(AY20>=AL20,"Pengayaan","")),"") -> Perbaiakan | BM20: =SUM(BB20:BK20) -> 0 | BN20: =BM20/BL11*100 -> 0 | BO20: =IFERROR(IF(BN20<BA20,"Perbaiakan",IF(BN20>=BA20,"Pengayaan","")),"") -> Pengayaan | CD20: =SUM(BS20:CB20) -> 0 | CE20: =CD20/CC11*100 -> 0 | CF20: =IFERROR(IF(CE20<BR20,"Perbaiakan",IF(CE20>=BR20,"Pengayaan","")),"") -> Pengayaan | CS20: =SUM(CH20:CQ20) -> 0 | CT20: =CS20/CR11*100 -> 0 | CU20: =IFERROR(IF(CT20<CG20,"Perbaiakan",IF(CT20>=CG20,"Pengayaan","")),"") -> Pengayaan
A21: 10 | B21: 3185604884 / 242501010 | C21: DIVA ANGGRAENI | F21: 70 | G21: 2 | H21: 2 | I21: 2 | J21: 1 | K21: 2 | R21: =SUM(G21:P21) -> 9 | S21: =R21/Q11*100 -> 90 | T21: =IFERROR(IF(S21<F21,"Perbaiakan",IF(S21>=F21,"Pengayaan","")),"") -> Pengayaan | U21: 70 | AG21: =SUM(V21:AE21) -> 0 | AH21: =AG21/AF11*100 -> 0 | AI21: =IFERROR(IF(AH21<U21,"Perbaiakan",IF(AH21>=U21,"Pengayaan","")),"") -> Perbaiakan | AL21: 70 | AX21: =SUM(AM21:AV21) -> 0 | AY21: =AX21/AW11*100 -> 0 | AZ21: =IFERROR(IF(AY21<AL21,"Perbaiakan",IF(AY21>=AL21,"Pengayaan","")),"") -> Perbaiakan | BM21: =SUM(BB21:BK21) -> 0 | BN21: =BM21/BL11*100 -> 0 | BO21: =IFERROR(IF(BN21<BA21,"Perbaiakan",IF(BN21>=BA21,"Pengayaan","")),"") -> Pengayaan | CD21: =SUM(BS21:CB21) -> 0 | CE21: =CD21/CC11*100 -> 0 | CF21: =IFERROR(IF(CE21<BR21,"Perbaiakan",IF(CE21>=BR21,"Pengayaan","")),"") -> Pengayaan | CS21: =SUM(CH21:CQ21) -> 0 | CT21: =CS21/CR11*100 -> 0 | CU21: =IFERROR(IF(CT21<CG21,"Perbaiakan",IF(CT21>=CG21,"Pengayaan","")),"") -> Pengayaan
A22: 11 | B22: 3173968868 / 242501012 | C22: FITRI | F22: 70 | G22: 2 | H22: 2 | I22: 2 | J22: 2 | K22: 1 | R22: =SUM(G22:P22) -> 9 | S22: =R22/Q11*100 -> 90 | T22: =IFERROR(IF(S22<F22,"Perbaikan",IF(S22>=F22,"Pengayaan","")),"") -> Pengayaan | U22: 70 | AG22: =SUM(V22:AE22) -> 0 | AH22: =AG22/AF11*100 -> 0 | AI22: =IFERROR(IF(AH22<U22,"Perbaikan",IF(AH22>=U22,"Pengayaan","")),"") -> Perbaikan | AL22: 70 | AX22: =SUM(AM22:AV22) -> 0 | AY22: =AX22/AW11*100 -> 0 | AZ22: =IFERROR(IF(AY22<AL22,"Perbaikan",IF(AY22>=AL22,"Pengayaan","")),"") -> Perbaikan | BM22: =SUM(BB22:BK22) -> 0 | BN22: =BM22/BL11*100 -> 0 | BO22: =IFERROR(IF(BN22<BA22,"Perbaiakan",IF(BN22>=BA22,"Pengayaan","")),"") -> Pengayaan | CD22: =SUM(BS22:CB22) -> 0 | CE22: =CD22/CC11*100 -> 0 | CF22: =IFERROR(IF(CE22<BR22,"Perbaiakan",IF(CE22>=BR22,"Pengayaan","")),"") -> Pengayaan | CS22: =SUM(CH22:CQ22) -> 0 | CT22: =CS22/CR11*100 -> 0 | CU22: =IFERROR(IF(CT22<CG22,"Perbaiakan",IF(CT22>=CG22,"Pengayaan","")),"") -> Pengayaan
A23: 12 | B23: 3183401776 / 242501013 | C23: GEYSA AZKAYRA | F23: 70 | G23: 1 | H23: 2 | I23: 2 | J23: 2 | K23: 2 | R23: =SUM(G23:P23) -> 9 | S23: =R23/Q11*100 -> 90 | T23: =IFERROR(IF(S23<F23,"Perbaikan",IF(S23>=F23,"Pengayaan","")),"") -> Pengayaan | U23: 70 | AG23: =SUM(V23:AE23) -> 0 | AH23: =AG23/AF11*100 -> 0 | AI23: =IFERROR(IF(AH23<U23,"Perbaikan",IF(AH23>=U23,"Pengayaan","")),"") -> Perbaikan | AL23: 70 | AX23: =SUM(AM23:AV23) -> 0 | AY23: =AX23/AW11*100 -> 0 | AZ23: =IFERROR(IF(AY23<AL23,"Perbaikan",IF(AY23>=AL23,"Pengayaan","")),"") -> Perbaikan | BM23: =SUM(BB23:BK23) -> 0 | BN23: =BM23/BL11*100 -> 0 | BO23: =IFERROR(IF(BN23<BA23,"Perbaiakan",IF(BN23>=BA23,"Pengayaan","")),"") -> Pengayaan | CD23: =SUM(BS23:CB23) -> 0 | CE23: =CD23/CC11*100 -> 0 | CF23: =IFERROR(IF(CE23<BR23,"Perbaiakan",IF(CE23>=BR23,"Pengayaan","")),"") -> Pengayaan | CS23: =SUM(CH23:CQ23) -> 0 | CT23: =CS23/CR11*100 -> 0 | CU23: =IFERROR(IF(CT23<CG23,"Perbaiakan",IF(CT23>=CG23,"Pengayaan","")),"") -> Pengayaan
A24: 13 | B24: 3186540811 / 242501014 | C24: GIBRAN ALFARIZI GUNAWAN | F24: 70 | G24: 2 | H24: 1 | I24: 0 | J24: 2 | K24: 2 | R24: =SUM(G24:P24) -> 7 | S24: =R24/Q11*100 -> 70 | T24: =IFERROR(IF(S24<F24,"Perbaikan",IF(S24>=F24,"Pengayaan","")),"") -> Pengayaan | U24: 70 | AG24: =SUM(V24:AE24) -> 0 | AH24: =AG24/AF11*100 -> 0 | AI24: =IFERROR(IF(AH24<U24,"Perbaikan",IF(AH24>=U24,"Pengayaan","")),"") -> Perbaikan | AL24: 70 | AX24: =SUM(AM24:AV24) -> 0 | AY24: =AX24/AW11*100 -> 0 | AZ24: =IFERROR(IF(AY24<AL24,"Perbaiakan",IF(AY24>=AL24,"Pengayaan","")),"") -> Perbaiakan | BM24: =SUM(BB24:BK24) -> 0 | BN24: =BM24/BL11*100 -> 0 | BO24: =IFERROR(IF(BN24<BA24,"Perbaiakan",IF(BN24>=BA24,"Pengayaan","")),"") -> Pengayaan | CD24: =SUM(BS24:CB24) -> 0 | CE24: =CD24/CC11*100 -> 0 | CF24: =IFERROR(IF(CE24<BR24,"Perbaiakan",IF(CE24>=BR24,"Pengayaan","")),"") -> Pengayaan | CS24: =SUM(CH24:CQ24) -> 0 | CT24: =CS24/CR11*100 -> 0 | CU24: =IFERROR(IF(CT24<CG24,"Perbaiakan",IF(CT24>=CG24,"Pengayaan","")),"") -> Pengayaan
A25: 14 | B25: 3171217395 / 242501015 | C25: HAIRUL ADITYA | F25: 70 | G25: 2 | H25: 2 | I25: 2 | J25: 2 | K25: 2 | R25: =SUM(G25:K25) -> 10 | S25: =R25/Q11*100 -> 100 | T25: =IFERROR(IF(S25<F25,"Perbaiakan",IF(S25>=F25,"Pengayaan","")),"") -> Pengayaan | U25: 70 | AG25: =SUM(V25:AE25) -> 0 | AH25: =AG25/AF11*100 -> 0 | AI25: =IFERROR(IF(AH25<U25,"Perbaiakan",IF(AH25>=U25,"Pengayaan","")),"") -> Perbaiakan | AL25: 70 | AX25: =SUM(AM25:AV25) -> 0 | AY25: =AX25/AW11*100 -> 0 | AZ25: =IFERROR(IF(AY25<AL25,"Perbaiakan",IF(AY25>=AL25,"Pengayaan","")),"") -> Perbaiakan | BM25: =SUM(BB25:BK25) -> 0 | BN25: =BM25/BL11*100 -> 0 | BO25: =IFERROR(IF(BN25<BA25,"Perbaiakan",IF(BN25>=BA25,"Pengayaan","")),"") -> Pengayaan | CD25: =SUM(BS25:CB25) -> 0 | CE25: =CD25/CC11*100 -> 0 | CF25: =IFERROR(IF(CE25<BR25,"Perbaiakan",IF(CE25>=BR25,"Pengayaan","")),"") -> Pengayaan | CS25: =SUM(CH25:CQ25) -> 0 | CT25: =CS25/CR11*100 -> 0 | CU25: =IFERROR(IF(CT25<CG25,"Perbaiakan",IF(CT25>=CG25,"Pengayaan","")),"") -> Pengayaan
A26: 15 | B26: 0176589189 / 242501016 | C26: Haura Khanza Adzkia | F26: 70 | G26: 2 | H26: 1 | I26: 2 | J26: 2 | K26: 2 | R26: =SUM(G26:P26) -> 9 | S26: =R26/Q11*100 -> 90 | T26: =IFERROR(IF(S26<F26,"Perbaiakan",IF(S26>=F26,"Pengayaan","")),"") -> Pengayaan | U26: 70 | AG26: =SUM(V26:AE26) -> 0 | AH26: =AG26/AF11*100 -> 0 | AI26: =IFERROR(IF(AH26<U26,"Perbaiakan",IF(AH26>=U26,"Pengayaan","")),"") -> Perbaiakan | AL26: 70 | AX26: =SUM(AM26:AV26) -> 0 | AY26: =AX26/AW11*100 -> 0 | AZ26: =IFERROR(IF(AY26<AL26,"Perbaikan",IF(AY26>=AL26,"Pengayaan","")),"") -> Perbaikan | BM26: =SUM(BB26:BK26) -> 0 | BN26: =BM26/BL11*100 -> 0 | BO26: =IFERROR(IF(BN26<BA26,"Perbaiakan",IF(BN26>=BA26,"Pengayaan","")),"") -> Pengayaan | CD26: =SUM(BS26:CB26) -> 0 | CE26: =CD26/CC11*100 -> 0 | CF26: =IFERROR(IF(CE26<BR26,"Perbaiakan",IF(CE26>=BR26,"Pengayaan","")),"") -> Pengayaan | CS26: =SUM(CH26:CQ26) -> 0 | CT26: =CS26/CR11*100 -> 0 | CU26: =IFERROR(IF(CT26<CG26,"Perbaiakan",IF(CT26>=CG26,"Pengayaan","")),"") -> Pengayaan
A27: 16 | B27: 3175188280 / 242501017 | C27: IRFAN SEPTIAN | F27: 70 | G27: 2 | H27: 2 | I27: 2 | J27: 2 | K27: 2 | R27: =SUM(G27:P27) -> 10 | S27: =R27/Q11*100 -> 100 | T27: =IFERROR(IF(S27<F27,"Perbaiakan",IF(S27>=F27,"Pengayaan","")),"") -> Pengayaan | U27: 70 | AG27: =SUM(V27:AE27) -> 0 | AH27: =AG27/AF11*100 -> 0 | AI27: =IFERROR(IF(AH27<U27,"Perbaiakan",IF(AH27>=U27,"Pengayaan","")),"") -> Perbaiakan | AL27: 70 | AX27: =SUM(AM27:AV27) -> 0 | AY27: =AX27/AW11*100 -> 0 | AZ27: =IFERROR(IF(AY27<AL27,"Perbaiakan",IF(AY27>=AL27,"Pengayaan","")),"") -> Perbaiakan | BM27: =SUM(BB27:BK27) -> 0 | BN27: =BM27/BL11*100 -> 0 | BO27: =IFERROR(IF(BN27<BA27,"Perbaiakan",IF(BN27>=BA27,"Pengayaan","")),"") -> Pengayaan | CD27: =SUM(BS27:CB27) -> 0 | CE27: =CD27/CC11*100 -> 0 | CF27: =IFERROR(IF(CE27<BR27,"Perbaiakan",IF(CE27>=BR27,"Pengayaan","")),"") -> Pengayaan | CS27: =SUM(CH27:CQ27) -> 0 | CT27: =CS27/CR11*100 -> 0 | CU27: =IFERROR(IF(CT27<CG27,"Perbaiakan",IF(CT27>=CG27,"Pengayaan","")),"") -> Pengayaan
A28: 17 | B28: 3172510046 / 242501018 | C28: KEYSHA SAHARA | F28: 70 | G28: 0 | H28: 2 | I28: 2 | J28: 2 | K28: 2 | R28: =SUM(G28:P28) -> 8 | S28: =R28/Q11*100 -> 80 | T28: =IFERROR(IF(S28<F28,"Perbaiakan",IF(S28>=F28,"Pengayaan","")),"") -> Pengayaan | U28: 70 | AG28: =SUM(V28:AE28) -> 0 | AH28: =AG28/AF11*100 -> 0 | AI28: =IFERROR(IF(AH28<U28,"Perbaikan",IF(AH28>=U28,"Pengayaan","")),"") -> Perbaikan | AL28: 70 | AX28: =SUM(AM28:AV28) -> 0 | AY28: =AX28/AW11*100 -> 0 | AZ28: =IFERROR(IF(AY28<AL28,"Perbaiakan",IF(AY28>=AL28,"Pengayaan","")),"") -> Perbaiakan | BM28: =SUM(BB28:BK28) -> 0 | BN28: =BM28/BL11*100 -> 0 | BO28: =IFERROR(IF(BN28<BA28,"Perbaiakan",IF(BN28>=BA28,"Pengayaan","")),"") -> Pengayaan | CD28: =SUM(BS28:CB28) -> 0 | CE28: =CD28/CC11*100 -> 0 | CF28: =IFERROR(IF(CE28<BR28,"Perbaiakan",IF(CE28>=BR28,"Pengayaan","")),"") -> Pengayaan | CS28: =SUM(CH28:CQ28) -> 0 | CT28: =CS28/CR11*100 -> 0 | CU28: =IFERROR(IF(CT28<CG28,"Perbaiakan",IF(CT28>=CG28,"Pengayaan","")),"") -> Pengayaan
A29: 18 | B29: 3177571014 / 242501019 | C29: KHOIRUNNISA INDRIYANI | F29: 70 | G29: 1 | H29: 2 | I29: 2 | J29: 2 | K29: 2 | R29: =SUM(G29:P29) -> 9 | S29: =R29/Q11*100 -> 90 | T29: =IFERROR(IF(S29<F29,"Perbaikan",IF(S29>=F29,"Pengayaan","")),"") -> Pengayaan | U29: 70 | AG29: =SUM(V29:AE29) -> 0 | AH29: =AG29/AF11*100 -> 0 | AI29: =IFERROR(IF(AH29<U29,"Perbaikan",IF(AH29>=U29,"Pengayaan","")),"") -> Perbaikan | AL29: 70 | AX29: =SUM(AM29:AV29) -> 0 | AY29: =AX29/AW11*100 -> 0 | AZ29: =IFERROR(IF(AY29<AL29,"Perbaiakan",IF(AY29>=AL29,"Pengayaan","")),"") -> Perbaiakan | BM29: =SUM(BB29:BK29) -> 0 | BN29: =BM29/BL11*100 -> 0 | BO29: =IFERROR(IF(BN29<BA29,"Perbaiakan",IF(BN29>=BA29,"Pengayaan","")),"") -> Pengayaan | CD29: =SUM(BS29:CB29) -> 0 | CE29: =CD29/CC11*100 -> 0 | CF29: =IFERROR(IF(CE29<BR29,"Perbaiakan",IF(CE29>=BR29,"Pengayaan","")),"") -> Pengayaan | CS29: =SUM(CH29:CQ29) -> 0 | CT29: =CS29/CR11*100 -> 0 | CU29: =IFERROR(IF(CT29<CG29,"Perbaiakan",IF(CT29>=CG29,"Pengayaan","")),"") -> Pengayaan
A30: 19 | B30: 3175474868 / 242501020 | C30: MUHAMMAD AZZAM KHALIF PUTRA | F30: 70 | G30: 1 | H30: 0 | I30: 2 | J30: 2 | K30: 2 | R30: =SUM(G30:P30) -> 7 | S30: =R30/Q11*100 -> 70 | T30: =IFERROR(IF(S30<F30,"Perbaiakan",IF(S30>=F30,"Pengayaan","")),"") -> Pengayaan | U30: 70 | AG30: =SUM(V30:AE30) -> 0 | AH30: =AG30/AF11*100 -> 0 | AI30: =IFERROR(IF(AH30<U30,"Perbaikan",IF(AH30>=U30,"Pengayaan","")),"") -> Perbaikan | AL30: 70 | AX30: =SUM(AM30:AV30) -> 0 | AY30: =AX30/AW11*100 -> 0 | AZ30: =IFERROR(IF(AY30<AL30,"Perbaiakan",IF(AY30>=AL30,"Pengayaan","")),"") -> Perbaiakan | BM30: =SUM(BB30:BK30) -> 0 | BN30: =BM30/BL11*100 -> 0 | BO30: =IFERROR(IF(BN30<BA30,"Perbaiakan",IF(BN30>=BA30,"Pengayaan","")),"") -> Pengayaan | CD30: =SUM(BS30:CB30) -> 0 | CE30: =CD30/CC11*100 -> 0 | CF30: =IFERROR(IF(CE30<BR30,"Perbaiakan",IF(CE30>=BR30,"Pengayaan","")),"") -> Pengayaan | CS30: =SUM(CH30:CQ30) -> 0 | CT30: =CS30/CR11*100 -> 0 | CU30: =IFERROR(IF(CT30<CG30,"Perbaiakan",IF(CT30>=CG30,"Pengayaan","")),"") -> Pengayaan
A31: 20 | B31: 3180645005 / 242501021 | C31: MUHAMMAD GILBRAN KHALLIL AL MADKATHNI | F31: 70 | G31: 2 | H31: 2 | I31: 2 | J31: 2 | K31: 2 | R31: =SUM(G31:P31) -> 10 | S31: =R31/Q11*100 -> 100 | T31: =IFERROR(IF(S31<F31,"Perbaikan",IF(S31>=F31,"Pengayaan","")),"") -> Pengayaan | U31: 70 | AG31: =SUM(V31:AE31) -> 0 | AH31: =AG31/AF11*100 -> 0 | AI31: =IFERROR(IF(AH31<U31,"Perbaiakan",IF(AH31>=U31,"Pengayaan","")),"") -> Perbaiakan | AL31: 70 | AX31: =SUM(AM31:AV31) -> 0 | AY31: =AX31/AW11*100 -> 0 | AZ31: =IFERROR(IF(AY31<AL31,"Perbaiakan",IF(AY31>=AL31,"Pengayaan","")),"") -> Perbaiakan | BM31: =SUM(BB31:BK31) -> 0 | BN31: =BM31/BL11*100 -> 0 | BO31: =IFERROR(IF(BN31<BA31,"Perbaiakan",IF(BN31>=BA31,"Pengayaan","")),"") -> Pengayaan | CD31: =SUM(BS31:CB31) -> 0 | CE31: =CD31/CC11*100 -> 0 | CF31: =IFERROR(IF(CE31<BR31,"Perbaiakan",IF(CE31>=BR31,"Pengayaan","")),"") -> Pengayaan | CS31: =SUM(CH31:CQ31) -> 0 | CT31: =CS31/CR11*100 -> 0 | CU31: =IFERROR(IF(CT31<CG31,"Perbaiakan",IF(CT31>=CG31,"Pengayaan","")),"") -> Pengayaan
A32: 21 | B32: 3175500014 / 242501022 | C32: POOJA HANUM ARSYILLA | F32: 70 | G32: 2 | H32: 2 | I32: 2 | J32: 2 | K32: 2 | R32: =SUM(G32:P32) -> 10 | S32: =R32/Q11*100 -> 100 | T32: =IFERROR(IF(S32<F32,"Perbaikan",IF(S32>=F32,"Pengayaan","")),"") -> Pengayaan | U32: 70 | AG32: =SUM(V32:AE32) -> 0 | AH32: =AG32/AF11*100 -> 0 | AI32: =IFERROR(IF(AH32<U32,"Perbaiakan",IF(AH32>=U32,"Pengayaan","")),"") -> Perbaiakan | AL32: 70 | AX32: =SUM(AM32:AV32) -> 0 | AY32: =AX32/AW11*100 -> 0 | AZ32: =IFERROR(IF(AY32<AL32,"Perbaiakan",IF(AY32>=AL32,"Pengayaan","")),"") -> Perbaiakan | BM32: =SUM(BB32:BK32) -> 0 | BN32: =BM32/BL11*100 -> 0 | BO32: =IFERROR(IF(BN32<BA32,"Perbaiakan",IF(BN32>=BA32,"Pengayaan","")),"") -> Pengayaan | CD32: =SUM(BS32:CB32) -> 0 | CE32: =CD32/CC11*100 -> 0 | CF32: =IFERROR(IF(CE32<BR32,"Perbaiakan",IF(CE32>=BR32,"Pengayaan","")),"") -> Pengayaan | CS32: =SUM(CH32:CQ32) -> 0 | CT32: =CS32/CR11*100 -> 0 | CU32: =IFERROR(IF(CT32<CG32,"Perbaiakan",IF(CT32>=CG32,"Pengayaan","")),"") -> Pengayaan
A33: 22 | B33: 3182684256 / 242501023 | C33: RAFZI ELSANJANI RIFARDHAN | F33: 70 | G33: 0 | H33: 1 | I33: 2 | J33: 2 | K33: 2 | R33: =SUM(G33:P33) -> 7 | S33: =R33/Q11*100 -> 70 | T33: =IFERROR(IF(S33<F33,"Perbaiakan",IF(S33>=F33,"Pengayaan","")),"") -> Pengayaan | U33: 70 | AG33: =SUM(V33:AE33) -> 0 | AH33: =AG33/AF11*100 -> 0 | AI33: =IFERROR(IF(AH33<U33,"Perbaikan",IF(AH33>=U33,"Pengayaan","")),"") -> Perbaikan | AL33: 70 | AX33: =SUM(AM33:AV33) -> 0 | AY33: =AX33/AW11*100 -> 0 | AZ33: =IFERROR(IF(AY33<AL33,"Perbaiakan",IF(AY33>=AL33,"Pengayaan","")),"") -> Perbaiakan | BM33: =SUM(BB33:BK33) -> 0 | BN33: =BM33/BL11*100 -> 0 | BO33: =IFERROR(IF(BN33<BA33,"Perbaiakan",IF(BN33>=BA33,"Pengayaan","")),"") -> Pengayaan | CD33: =SUM(BS33:CB33) -> 0 | CE33: =CD33/CC11*100 -> 0 | CF33: =IFERROR(IF(CE33<BR33,"Perbaiakan",IF(CE33>=BR33,"Pengayaan","")),"") -> Pengayaan | CS33: =SUM(CH33:CQ33) -> 0 | CT33: =CS33/CR11*100 -> 0 | CU33: =IFERROR(IF(CT33<CG33,"Perbaiakan",IF(CT33>=CG33,"Pengayaan","")),"") -> Pengayaan
A34: 23 | B34: 3214001374 / 242501024 | C34: RISTA ANJANI | F34: 70 | G34: 2 | H34: 0 | I34: 2 | J34: 2 | K34: 2 | R34: =SUM(G34:P34) -> 8 | S34: =R34/Q11*100 -> 80 | T34: =IFERROR(IF(S34<F34,"Perbaiakan",IF(S34>=F34,"Pengayaan","")),"") -> Pengayaan | U34: 70 | AG34: =SUM(V34:AE34) -> 0 | AH34: =AG34/AF11*100 -> 0 | AI34: =IFERROR(IF(AH34<U34,"Perbaiakan",IF(AH34>=U34,"Pengayaan","")),"") -> Perbaiakan | AL34: 70 | AX34: =SUM(AM34:AV34) -> 0 | AY34: =AX34/AW11*100 -> 0 | AZ34: =IFERROR(IF(AY34<AL34,"Perbaiakan",IF(AY34>=AL34,"Pengayaan","")),"") -> Perbaiakan | BM34: =SUM(BB34:BK34) -> 0 | BN34: =BM34/BL11*100 -> 0 | BO34: =IFERROR(IF(BN34<BA34,"Perbaiakan",IF(BN34>=BA34,"Pengayaan","")),"") -> Pengayaan | CD34: =SUM(BS34:CB34) -> 0 | CE34: =CD34/CC11*100 -> 0 | CF34: =IFERROR(IF(CE34<BR34,"Perbaiakan",IF(CE34>=BR34,"Pengayaan","")),"") -> Pengayaan | CS34: =SUM(CH34:CQ34) -> 0 | CT34: =CS34/CR11*100 -> 0 | CU34: =IFERROR(IF(CT34<CG34,"Perbaiakan",IF(CT34>=CG34,"Pengayaan","")),"") -> Pengayaan
A35: 24 | B35: 3175740206 / 242501025 | C35: RISTI ANJANI | F35: 70 | G35: 2 | H35: 2 | I35: 2 | J35: 2 | K35: 2 | R35: =SUM(G35:P35) -> 10 | S35: =R35/Q11*100 -> 100 | T35: =IFERROR(IF(S35<F35,"Perbaikan",IF(S35>=F35,"Pengayaan","")),"") -> Pengayaan | U35: 70 | AG35: =SUM(V35:AE35) -> 0 | AH35: =AG35/AF11*100 -> 0 | AI35: =IFERROR(IF(AH35<U35,"Perbaiakan",IF(AH35>=U35,"Pengayaan","")),"") -> Perbaiakan | AL35: 70 | AX35: =SUM(AM35:AV35) -> 0 | AY35: =AX35/AW11*100 -> 0 | AZ35: =IFERROR(IF(AY35<AL35,"Perbaiakan",IF(AY35>=AL35,"Pengayaan","")),"") -> Perbaiakan | BM35: =SUM(BB35:BK35) -> 0 | BN35: =BM35/BL11*100 -> 0 | BO35: =IFERROR(IF(BN35<BA35,"Perbaiakan",IF(BN35>=BA35,"Pengayaan","")),"") -> Pengayaan | CD35: =SUM(BS35:CB35) -> 0 | CE35: =CD35/CC11*100 -> 0 | CF35: =IFERROR(IF(CE35<BR35,"Perbaiakan",IF(CE35>=BR35,"Pengayaan","")),"") -> Pengayaan | CS35: =SUM(CH35:CQ35) -> 0 | CT35: =CS35/CR11*100 -> 0 | CU35: =IFERROR(IF(CT35<CG35,"Perbaiakan",IF(CT35>=CG35,"Pengayaan","")),"") -> Pengayaan
A36: 25 | B36: 3179421137 / 242501026 | C36: ROVI QUROTAL WARDAH | F36: 70 | G36: 2 | H36: 2 | I36: 2 | J36: 0 | K36: 2 | R36: =SUM(G36:P36) -> 8 | S36: =R36/Q11*100 -> 80 | T36: =IFERROR(IF(S36<F36,"Perbaiakan",IF(S36>=F36,"Pengayaan","")),"") -> Pengayaan | U36: 70 | AG36: =SUM(V36:AE36) -> 0 | AH36: =AG36/AF11*100 -> 0 | AI36: =IFERROR(IF(AH36<U36,"Perbaiakan",IF(AH36>=U36,"Pengayaan","")),"") -> Perbaiakan | AL36: 70 | AX36: =SUM(AM36:AV36) -> 0 | AY36: =AX36/AW11*100 -> 0 | AZ36: =IFERROR(IF(AY36<AL36,"Perbaiakan",IF(AY36>=AL36,"Pengayaan","")),"") -> Perbaiakan | BM36: =SUM(BB36:BK36) -> 0 | BN36: =BM36/BL11*100 -> 0 | BO36: =IFERROR(IF(BN36<BA36,"Perbaiakan",IF(BN36>=BA36,"Pengayaan","")),"") -> Pengayaan | CD36: =SUM(BS36:CB36) -> 0 | CE36: =CD36/CC11*100 -> 0 | CF36: =IFERROR(IF(CE36<BR36,"Perbaiakan",IF(CE36>=BR36,"Pengayaan","")),"") -> Pengayaan | CS36: =SUM(CH36:CQ36) -> 0 | CT36: =CS36/CR11*100 -> 0 | CU36: =IFERROR(IF(CT36<CG36,"Perbaiakan",IF(CT36>=CG36,"Pengayaan","")),"") -> Pengayaan
A37: 26 | B37: 3170688016 / 242501027 | C37: SHAFA PUTRI MELANI ALFIANA | F37: 70 | G37: 2 | H37: 2 | I37: 2 | J37: 2 | K37: 2 | R37: =SUM(G37:P37) -> 10 | S37: =R37/Q11*100 -> 100 | T37: =IFERROR(IF(S37<F37,"Perbaiakan",IF(S37>=F37,"Pengayaan","")),"") -> Pengayaan | U37: 70 | AG37: =SUM(V37:AE37) -> 0 | AH37: =AG37/AF11*100 -> 0 | AI37: =IFERROR(IF(AH37<U37,"Perbaiakan",IF(AH37>=U37,"Pengayaan","")),"") -> Perbaiakan | AL37: 70 | AX37: =SUM(AM37:AV37) -> 0 | AY37: =AX37/AW11*100 -> 0 | AZ37: =IFERROR(IF(AY37<AL37,"Perbaiakan",IF(AY37>=AL37,"Pengayaan","")),"") -> Perbaiakan | BM37: =SUM(BB37:BK37) -> 0 | BN37: =BM37/BL11*100 -> 0 | BO37: =IFERROR(IF(BN37<BA37,"Perbaiakan",IF(BN37>=BA37,"Pengayaan","")),"") -> Pengayaan | CD37: =SUM(BS37:CB37) -> 0 | CE37: =CD37/CC11*100 -> 0 | CF37: =IFERROR(IF(CE37<BR37,"Perbaiakan",IF(CE37>=BR37,"Pengayaan","")),"") -> Pengayaan | CS37: =SUM(CH37:CQ37) -> 0 | CT37: =CS37/CR11*100 -> 0 | CU37: =IFERROR(IF(CT37<CG37,"Perbaiakan",IF(CT37>=CG37,"Pengayaan","")),"") -> Pengayaan
A38: 27 | B38: 3171600899 / 242501029 | C38: YASMIN JULIA LARASATI | F38: 70 | G38: 0 | H38: 0 | I38: 2 | J38: 2 | K38: 2 | R38: =SUM(G38:P38) -> 6 | S38: =R38/Q11*100 -> 60 | T38: =IFERROR(IF(S38<F38,"Perbaikan",IF(S38>=F38,"Pengayaan","")),"") -> Perbaikan | U38: 70 | AG38: =SUM(V38:AE38) -> 0 | AH38: =AG38/AF11*100 -> 0 | AI38: =IFERROR(IF(AH38<U38,"Perbaiakan",IF(AH38>=U38,"Pengayaan","")),"") -> Perbaiakan | AL38: 70 | AX38: =SUM(AM38:AV38) -> 0 | AY38: =AX38/AW11*100 -> 0 | AZ38: =IFERROR(IF(AY38<AL38,"Perbaikan",IF(AY38>=AL38,"Pengayaan","")),"") -> Perbaikan | BM38: =SUM(BB38:BK38) -> 0 | BN38: =BM38/BL11*100 -> 0 | BO38: =IFERROR(IF(BN38<BA38,"Perbaiakan",IF(BN38>=BA38,"Pengayaan","")),"") -> Pengayaan | CD38: =SUM(BS38:CB38) -> 0 | CE38: =CD38/CC11*100 -> 0 | CF38: =IFERROR(IF(CE38<BR38,"Perbaiakan",IF(CE38>=BR38,"Pengayaan","")),"") -> Pengayaan | CS38: =SUM(CH38:CQ38) -> 0 | CT38: =CS38/CR11*100 -> 0 | CU38: =IFERROR(IF(CT38<CG38,"Perbaiakan",IF(CT38>=CG38,"Pengayaan","")),"") -> Pengayaan
A39: 28 | B39: 3178927673 / 242501030 | C39: YASMIN NUR RAISHA | F39: 70 | G39: 0 | H39: 2 | I39: 2 | J39: 2 | K39: 2 | R39: =SUM(G39:P39) -> 8 | S39: =R39/Q11*100 -> 80 | T39: =IFERROR(IF(S39<F39,"Perbaiakan",IF(S39>=F39,"Pengayaan","")),"") -> Pengayaan | U39: 70 | AG39: =SUM(V39:AE39) -> 0 | AH39: =AG39/AF11*100 -> 0 | AI39: =IFERROR(IF(AH39<U39,"Perbaiakan",IF(AH39>=U39,"Pengayaan","")),"") -> Perbaiakan | AL39: 70 | AX39: =SUM(AM39:AV39) -> 0 | AY39: =AX39/AW11*100 -> 0 | AZ39: =IFERROR(IF(AY39<AL39,"Perbaiakan",IF(AY39>=AL39,"Pengayaan","")),"") -> Perbaiakan | BM39: =SUM(BB39:BK39) -> 0 | BN39: =BM39/BL11*100 -> 0 | BO39: =IFERROR(IF(BN39<BA39,"Perbaiakan",IF(BN39>=BA39,"Pengayaan","")),"") -> Pengayaan | CD39: =SUM(BS39:CB39) -> 0 | CE39: =CD39/CC11*100 -> 0 | CF39: =IFERROR(IF(CE39<BR39,"Perbaiakan",IF(CE39>=BR39,"Pengayaan","")),"") -> Pengayaan | CS39: =SUM(CH39:CQ39) -> 0 | CT39: =CS39/CR11*100 -> 0 | CU39: =IFERROR(IF(CT39<CG39,"Perbaiakan",IF(CT39>=CG39,"Pengayaan","")),"") -> Pengayaan
A40: 29 | B40: 3179774240 / 242501031 | C40: ZIAN AL MALIK IBRAHIM | F40: 70 | G40: 2 | H40: 2 | I40: 2 | J40: 2 | K40: 0 | R40: =SUM(G40:P40) -> 8 | S40: =R40/Q11*100 -> 80 | T40: =IFERROR(IF(S40<F40,"Perbaiakan",IF(S40>=F40,"Pengayaan","")),"") -> Pengayaan | U40: 70 | AG40: =SUM(V40:AE40) -> 0 | AH40: =AG40/AF11*100 -> 0 | AI40: =IFERROR(IF(AH40<U40,"Perbaiakan",IF(AH40>=U40,"Pengayaan","")),"") -> Perbaiakan | AL40: 70 | AX40: =SUM(AM40:AV40) -> 0 | AY40: =AX40/AW11*100 -> 0 | AZ40: =IFERROR(IF(AY40<AL40,"Perbaiakan",IF(AY40>=AL40,"Pengayaan","")),"") -> Perbaiakan | BM40: =SUM(BB40:BK40) -> 0 | BN40: =BM40/BL11*100 -> 0 | BO40: =IFERROR(IF(BN40<BA40,"Perbaiakan",IF(BN40>=BA40,"Pengayaan","")),"") -> Pengayaan | CD40: =SUM(BS40:CB40) -> 0 | CE40: =CD40/CC11*100 -> 0 | CF40: =IFERROR(IF(CE40<BR40,"Perbaiakan",IF(CE40>=BR40,"Pengayaan","")),"") -> Pengayaan | CS40: =SUM(CH40:CQ40) -> 0 | CT40: =CS40/CR11*100 -> 0 | CU40: =IFERROR(IF(CT40<CG40,"Perbaiakan",IF(CT40>=CG40,"Pengayaan","")),"") -> Pengayaan
H43: Mengetahui | AB43: Banjar, Januari 2024 | AM43: Banjar, Januari 2025 | BH43: =AB43 -> Banjar, Januari 2024 | BT43: =AN43 -> 0 | CN43: =BH43 -> Banjar, Januari 2024
H44: Kepala UPTD SDN 1 Sukamukti | AB44: Guru | AM44: Guru | BH44: =AB44 -> Guru | BT44: =AN44 -> 0 | CN44: =BH44 -> Guru
H48: DUDUNG, S.Pd.SD | AB48: ANISA NURBASARI, S.Pd.I | AM48: ANISA NURBASARI, S.Pd.I | BH48: =AB48 -> ANISA NURBASARI, S.Pd.I | BT48: =AN48 -> 0 | CN48: =BH48 -> ANISA NURBASARI, S.Pd.I
H49: NIP. 197111101993071001 | AB49: NIP. 198702092019032004 | AM49: NIP. 198702092019032004 | BH49: =AB49 -> NIP. 198702092019032004 | BT49: =AN49 -> 0 | CN49: =BH49 -> NIP. 198702092019032004

Sheet SAS
F1: ANALISIS HASIL ASESMEN SUMATIF AKHIR SEMESTER | AW1: =F1 -> ANALISIS HASIL ASESMEN SUMATIF AKHIR SEMESTER
F2: ='oke Lingk. 1'!G2 -> TAHUN AJARAN 2025/2026 | AW2: =F2 -> TAHUN AJARAN 2025/2026
G4: Kelas / Semester | M4: : | N4: ='oke Lingk. 1'!R4 -> I/2 | AW4: Kelas / Semester | BC4: : | BD4: =N4 -> I/2
G5: Mata Pelajaran | M5: : | N5: ='oke Lingk. 1'!N5 -> PAI dan Budi Pekerti | AW5: Mata Pelajaran | BC5: : | BD5: =N5 -> PAI dan Budi Pekerti
G6: Lingkup Materi | M6: :
A8: NO | B8: NISN | C8: NAMA SISWA | F8: Nomor Soal | AW8: Nomor Soal
F9: Nilai Minimal | G9: 1 | H9: 2 | I9: 3 | J9: 4 | K9: 5 | L9: 6 | M9: 7 | N9: 8 | O9: 9 | P9: 10 | Q9: 11 | R9: 12 | S9: 13 | T9: 14 | U9: 15 | V9: 16 | W9: 17 | X9: 18 | Y9: 19 | Z9: 20 | AA9: 21 | AB9: 22 | AC9: 23 | AD9: 24 | AE9: 25 | AF9: 26 | AG9: 27 | AH9: 28 | AI9: 29 | AJ9: 30 | AK9: 31 | AL9: 32 | AM9: 33 | AN9: 34 | AO9: 35 | AP9: 31 | AQ9: 32 | AR9: 33 | AS9: 34 | AT9: 35 | AW9: 36 | AX9: 37 | AY9: 38 | AZ9: 39 | BA9: 40 | BB9: 41 | BC9: 42 | BD9: 43 | BE9: 44 | BF9: 45 | BH9: Skor | BI9: Nilai Akhir | BJ9: Tindak Lanjut
G10: Skor Maksimal Tiap Soal | AW10: Skor Maksimal Tiap Soal
C11: Skor Maksimal | G11: 1 | H11: 1 | I11: 1 | J11: 1 | K11: 1 | L11: 1 | M11: 1 | N11: 1 | O11: 1 | P11: 1 | Q11: 1 | R11: 1 | S11: 1 | T11: 1 | U11: 1 | V11: 1 | W11: 1 | X11: 1 | Y11: 1 | Z11: 1 | AA11: 1 | AB11: 1 | AC11: 1 | AD11: 1 | AE11: 1 | AF11: 1 | AG11: 1 | AH11: 1 | AI11: 1 | AJ11: 1 | AK11: 2 | AL11: 2 | AM11: 2 | AN11: 2 | AO11: 2 | AP11: 1 | AQ11: 1 | AR11: 1 | AS11: 1 | AT11: 1 | AW11: 1 | AX11: 1 | AY11: 1 | AZ11: 1 | BA11: 1 | BB11: 1 | BC11: 1 | BD11: 1 | BE11: 1 | BF11: 1 | BG11: =SUM(G11:AO11) -> 40
A12: 1 | B12: 3163415080 / 232401001 | C12: ARGA SEFERAGIC | G12: 1 | H12: 1 | I12: 1 | J12: 1 | K12: 1 | L12: 1 | M12: 1 | N12: 1 | O12: 1 | P12: 1 | Q12: 1 | R12: 1 | S12: 1 | T12: 1 | U12: 1 | V12: 1 | W12: 1 | X12: 1 | Y12: 1 | Z12: 1 | AA12: 1 | AB12: 1 | AC12: 1 | AD12: 1 | AE12: 1 | AF12: 1 | AG12: 1 | AH12: 1 | AI12: 1 | AJ12: 1 | AK12: 2 | AL12: 2 | AM12: 2 | AN12: 2 | AO12: 2 | BH12: =SUM(G12:AO12) -> 40 | BI12: =BH12/BG11*100 -> 100 | BJ12: =IFERROR(IF(BI12<F12,"Perlu mengulang beberapa Tujuan Pembelajaran dalam Mata Pelajarann ",IF(BI12>=F12,"Dinyatakan tuntas untuk seluruh Tujuan Pembelajaran dalam Mata Pelajaran ","")),"") &N5 -> Dinyatakan tuntas untuk seluruh Tujuan Pembelajaran dalam Mata Pelajaran PAI dan Budi Pekerti
A13: 2 | B13: 3161997134 / 232401002 | C13: ARKHA ARDANA PUTRA | BH13: =SUM(G13:AO13) -> 0 | BI13: =BH13/BG11*100 -> 0 | BJ13: =IFERROR(IF(BI13<F13,"Perlu mengulang beberapa Tujuan Pembelajaran dalam Mata Pelajarann ",IF(BI13>=F13,"Dinyatakan tuntas untuk seluruh Tujuan Pembelajaran dalam Mata Pelajaran ","")),"") &N5 -> Dinyatakan tuntas untuk seluruh Tujuan Pembelajaran dalam Mata Pelajaran PAI dan Budi Pekerti
A14: 3 | B14: 3164040852 / 232401003 | C14: BAYU MAULANA. | BH14: =SUM(G14:AO14) -> 0 | BI14: =BH14/BG11*100 -> 0 | BJ14: =IFERROR(IF(BI14<F14,"Perlu mengulang beberapa Tujuan Pembelajaran dalam Mata Pelajarann ",IF(BI14>=F14,"Dinyatakan tuntas untuk seluruh Tujuan Pembelajaran dalam Mata Pelajaran ","")),"") &N5 -> Dinyatakan tuntas untuk seluruh Tujuan Pembelajaran dalam Mata Pelajaran PAI dan Budi Pekerti
A15: 4 | B15: 0164553047 / 232401004 | C15: Bella Sopyana Putri | BH15: =SUM(G15:AO15) -> 0 | BI15: =BH15/BG14*100 -> #DIV/0! | BJ15: =IFERROR(IF(BI15<F15,"Perlu mengulang beberapa Tujuan Pembelajaran dalam Mata Pelajarann ",IF(BI15>=F15,"Dinyatakan tuntas untuk seluruh Tujuan Pembelajaran dalam Mata Pelajaran ","")),"") &N5 -> PAI dan Budi Pekerti
A16: 5 | B16: 3171073614 / 232401005 | C16: CAKRAWIGUNA. | BH16: =SUM(G16:AO16) -> 0 | BI16: =BH16/BG15*100 -> #DIV/0! | BJ16: =IFERROR(IF(BI16<F16,"Perlu mengulang beberapa Tujuan Pembelajaran dalam Mata Pelajarann ",IF(BI16>=F16,"Dinyatakan tuntas untuk seluruh Tujuan Pembelajaran dalam Mata Pelajaran ","")),"") &N5 -> PAI dan Budi Pekerti
A17: 6 | B17: 3168177700 / 232401006 | C17: DAVA ABYAN SOFA | BH17: =SUM(G17:AO17) -> 0 | BI17: =BH17/BG16*100 -> #DIV/0! | BJ17: =IFERROR(IF(BI17<F17,"Perlu mengulang beberapa Tujuan Pembelajaran dalam Mata Pelajarann ",IF(BI17>=F17,"Dinyatakan tuntas untuk seluruh Tujuan Pembelajaran dalam Mata Pelajaran ","")),"") &N5 -> PAI dan Budi Pekerti
A18: 7 | B18: 3163539725 / 232401007 | C18: ELVIRA ZAHRA KHAERUNNISA | BH18: =SUM(G18:AO18) -> 0 | BI18: =BH18/BG17*100 -> #DIV/0! | BJ18: =IFERROR(IF(BI18<F18,"Perlu mengulang beberapa Tujuan Pembelajaran dalam Mata Pelajarann ",IF(BI18>=F18,"Dinyatakan tuntas untuk seluruh Tujuan Pembelajaran dalam Mata Pelajaran ","")),"") &N5 -> PAI dan Budi Pekerti
A19: 8 | B19: 0179214781 / 232401008 | C19: EVRINA MAYSHA. | BH19: =SUM(G19:AO19) -> 0 | BI19: =BH19/BG18*100 -> #DIV/0! | BJ19: =IFERROR(IF(BI19<F19,"Perlu mengulang beberapa Tujuan Pembelajaran dalam Mata Pelajarann ",IF(BI19>=F19,"Dinyatakan tuntas untuk seluruh Tujuan Pembelajaran dalam Mata Pelajaran ","")),"") &N5 -> PAI dan Budi Pekerti
A20: 9 | B20: 3172453746 / 232401009 | C20: GALUH UWAIS AL QARNI | BH20: =SUM(G20:AO20) -> 0 | BI20: =BH20/BG19*100 -> #DIV/0! | BJ20: =IFERROR(IF(BI20<F20,"Perlu mengulang beberapa Tujuan Pembelajaran dalam Mata Pelajarann ",IF(BI20>=F20,"Dinyatakan tuntas untuk seluruh Tujuan Pembelajaran dalam Mata Pelajaran ","")),"") &N5 -> PAI dan Budi Pekerti
A21: 10 | B21: 3152261267 / 232401010 | C21: HAMZIDAN PRANADJA | BH21: =SUM(G21:AO21) -> 0 | BI21: =BH21/BG20*100 -> #DIV/0! | BJ21: =IFERROR(IF(BI21<F21,"Perlu mengulang beberapa Tujuan Pembelajaran dalam Mata Pelajarann ",IF(BI21>=F21,"Dinyatakan tuntas untuk seluruh Tujuan Pembelajaran dalam Mata Pelajaran ","")),"") &N5 -> PAI dan Budi Pekerti
A22: 11 | B22: 3160050189 / 232401011 | C22: HANDI PADILAH | BH22: =SUM(G22:AO22) -> 0 | BI22: =BH22/BG21*100 -> #DIV/0! | BJ22: =IFERROR(IF(BI22<F22,"Perlu mengulang beberapa Tujuan Pembelajaran dalam Mata Pelajarann ",IF(BI22>=F22,"Dinyatakan tuntas untuk seluruh Tujuan Pembelajaran dalam Mata Pelajaran ","")),"") &N5 -> PAI dan Budi Pekerti
A23: 12 | B23: 3161520488 / 232401012 | C23: IBNU FAUZAN | BH23: =SUM(G23:AO23) -> 0 | BI23: =BH23/BG22*100 -> #DIV/0! | BJ23: =IFERROR(IF(BI23<F23,"Perlu mengulang beberapa Tujuan Pembelajaran dalam Mata Pelajarann ",IF(BI23>=F23,"Dinyatakan tuntas untuk seluruh Tujuan Pembelajaran dalam Mata Pelajaran ","")),"") &N5 -> PAI dan Budi Pekerti
A24: 13 | B24: 3173125719 / 232401013 | C24: INTAN NADIN HANIFAH | BH24: =SUM(G24:AO24) -> 0 | BI24: =BH24/BG23*100 -> #DIV/0! | BJ24: =IFERROR(IF(BI24<F24,"Perlu mengulang beberapa Tujuan Pembelajaran dalam Mata Pelajarann ",IF(BI24>=F24,"Dinyatakan tuntas untuk seluruh Tujuan Pembelajaran dalam Mata Pelajaran ","")),"") &N5 -> PAI dan Budi Pekerti
A25: 14 | B25: 3168397502 / 232401014 | C25: KAHFI | BH25: =SUM(G25:AO25) -> 0 | BI25: =BH25/BG24*100 -> #DIV/0! | BJ25: =IFERROR(IF(BI25<F25,"Perlu mengulang beberapa Tujuan Pembelajaran dalam Mata Pelajarann ",IF(BI25>=F25,"Dinyatakan tuntas untuk seluruh Tujuan Pembelajaran dalam Mata Pelajaran ","")),"") &N5 -> PAI dan Budi Pekerti
A26: 15 | B26: 3164700637 / 232401015 | C26: KAMILA AZZAHRA OKTAVIANY | G26: 0 | H26: 0 | I26: 1 | J26: 1 | K26: 1 | L26: 1 | M26: 1 | N26: 1 | O26: 1 | P26: 1 | Q26: 1 | R26: 1 | S26: 1 | T26: 0 | U26: 1 | V26: 1 | W26: 1 | X26: 0 | Y26: 1 | Z26: 1 | AA26: 1 | AB26: 1 | AC26: 1 | AD26: 1 | AE26: 0 | AF26: 1 | AG26: 1 | AH26: 1 | AI26: 1 | AJ26: 1 | AK26: 2 | AL26: 2 | AM26: 2 | AN26: 2 | AO26: 2 | BH26: =SUM(G26:AO26) -> 35 | BI26: =BH26/BG11*100 -> 87.5 | BJ26: =IFERROR(IF(BI26<F26,"Perlu mengulang beberapa Tujuan Pembelajaran dalam Mata Pelajarann ",IF(BI26>=F26,"Dinyatakan tuntas untuk seluruh Tujuan Pembelajaran dalam Mata Pelajaran ","")),"") &N5 -> Dinyatakan tuntas untuk seluruh Tujuan Pembelajaran dalam Mata Pelajaran PAI dan Budi Pekerti
A27: 16 | B27: 3168012888 / 232401016 | C27: KAYSAN RAJENDRA | BH27: =SUM(G27:AO27) -> 0 | BI27: =BH27/BG26*100 -> #DIV/0! | BJ27: =IFERROR(IF(BI27<F27,"Perlu mengulang beberapa Tujuan Pembelajaran dalam Mata Pelajarann ",IF(BI27>=F27,"Dinyatakan tuntas untuk seluruh Tujuan Pembelajaran dalam Mata Pelajaran ","")),"") &N5 -> PAI dan Budi Pekerti
A28: 17 | B28: 3173642710 / 232401017 | C28: MEITA PRABA NURRIZKI | BH28: =SUM(G28:AO28) -> 0 | BI28: =BH28/BG27*100 -> #DIV/0! | BJ28: =IFERROR(IF(BI28<F28,"Perlu mengulang beberapa Tujuan Pembelajaran dalam Mata Pelajarann ",IF(BI28>=F28,"Dinyatakan tuntas untuk seluruh Tujuan Pembelajaran dalam Mata Pelajaran ","")),"") &N5 -> PAI dan Budi Pekerti
A29: 18 | B29: 3174719695 / 232401018 | C29: MILKA NURUL FADHILAH | BH29: =SUM(G29:AO29) -> 0 | BI29: =BH29/BG28*100 -> #DIV/0! | BJ29: =IFERROR(IF(BI29<F29,"Perlu mengulang beberapa Tujuan Pembelajaran dalam Mata Pelajarann ",IF(BI29>=F29,"Dinyatakan tuntas untuk seluruh Tujuan Pembelajaran dalam Mata Pelajaran ","")),"") &N5 -> PAI dan Budi Pekerti
A30: 19 | B30: 3170243842 / 232401019 | C30: MIRA SINTIAWATI | BH30: =SUM(G30:AO30) -> 0 | BI30: =BH30/BG29*100 -> #DIV/0! | BJ30: =IFERROR(IF(BI30<F30,"Perlu mengulang beberapa Tujuan Pembelajaran dalam Mata Pelajarann ",IF(BI30>=F30,"Dinyatakan tuntas untuk seluruh Tujuan Pembelajaran dalam Mata Pelajaran ","")),"") &N5 -> PAI dan Budi Pekerti
A31: 20 | B31: 3160808194 / 232401020 | C31: MUHAMMAD HADIQ AL FARUQ | BH31: =SUM(G31:AO31) -> 0 | BI31: =BH31/BG30*100 -> #DIV/0! | BJ31: =IFERROR(IF(BI31<F31,"Perlu mengulang beberapa Tujuan Pembelajaran dalam Mata Pelajarann ",IF(BI31>=F31,"Dinyatakan tuntas untuk seluruh Tujuan Pembelajaran dalam Mata Pelajaran ","")),"") &N5 -> PAI dan Budi Pekerti
A32: 21 | B32: 3162061937 / 232401021 | C32: MUTIA ALIFA AZZAHRA | BH32: =SUM(G32:AO32) -> 0 | BI32: =BH32/BG31*100 -> #DIV/0! | BJ32: =IFERROR(IF(BI32<F32,"Perlu mengulang beberapa Tujuan Pembelajaran dalam Mata Pelajarann ",IF(BI32>=F32,"Dinyatakan tuntas untuk seluruh Tujuan Pembelajaran dalam Mata Pelajaran ","")),"") &N5 -> PAI dan Budi Pekerti
A33: 22 | B33: 3173955890 / 232401022 | C33: MUTIA PUTRI NURAZIZAH | BH33: =SUM(G33:AO33) -> 0 | BI33: =BH33/BG32*100 -> #DIV/0! | BJ33: =IFERROR(IF(BI33<F33,"Perlu mengulang beberapa Tujuan Pembelajaran dalam Mata Pelajarann ",IF(BI33>=F33,"Dinyatakan tuntas untuk seluruh Tujuan Pembelajaran dalam Mata Pelajaran ","")),"") &N5 -> PAI dan Budi Pekerti
A34: 23 | B34: 3164171038 / 232401023 | C34: NABIL KAFIN ABIZARD | BH34: =SUM(G34:AO34) -> 0 | BI34: =BH34/BG33*100 -> #DIV/0! | BJ34: =IFERROR(IF(BI34<F34,"Perlu mengulang beberapa Tujuan Pembelajaran dalam Mata Pelajarann ",IF(BI34>=F34,"Dinyatakan tuntas untuk seluruh Tujuan Pembelajaran dalam Mata Pelajaran ","")),"") &N5 -> PAI dan Budi Pekerti
A35: 24 | B35: 3168619383 / 232401024 | C35: Nursilmi Fauziyah | BH35: =SUM(G35:AO35) -> 0 | BI35: =BH35/BG34*100 -> #DIV/0! | BJ35: =IFERROR(IF(BI35<F35,"Perlu mengulang beberapa Tujuan Pembelajaran dalam Mata Pelajarann ",IF(BI35>=F35,"Dinyatakan tuntas untuk seluruh Tujuan Pembelajaran dalam Mata Pelajaran ","")),"") &N5 -> PAI dan Budi Pekerti
A36: 25 | B36: 3177975994 / 232401025 | C36: RAHMA AZAHRA | BH36: =SUM(G36:AO36) -> 0 | BI36: =BH36/BG35*100 -> #DIV/0! | BJ36: =IFERROR(IF(BI36<F36,"Perlu mengulang beberapa Tujuan Pembelajaran dalam Mata Pelajarann ",IF(BI36>=F36,"Dinyatakan tuntas untuk seluruh Tujuan Pembelajaran dalam Mata Pelajaran ","")),"") &N5 -> PAI dan Budi Pekerti
A37: 26 | B37: 3166760674 / 232401026 | C37: RIFKY NAUFAL RAMDHANI | BH37: =SUM(G37:AO37) -> 0 | BI37: =BH37/BG36*100 -> #DIV/0! | BJ37: =IFERROR(IF(BI37<F37,"Perlu mengulang beberapa Tujuan Pembelajaran dalam Mata Pelajarann ",IF(BI37>=F37,"Dinyatakan tuntas untuk seluruh Tujuan Pembelajaran dalam Mata Pelajaran ","")),"") &N5 -> PAI dan Budi Pekerti
A38: 27 | B38: 3170616522 / 232401027 | C38: RIFKY NIZAM RAMADANSYAH | BH38: =SUM(G38:AO38) -> 0 | BI38: =BH38/BG37*100 -> #DIV/0! | BJ38: =IFERROR(IF(BI38<F38,"Perlu mengulang beberapa Tujuan Pembelajaran dalam Mata Pelajarann ",IF(BI38>=F38,"Dinyatakan tuntas untuk seluruh Tujuan Pembelajaran dalam Mata Pelajaran ","")),"") &N5 -> PAI dan Budi Pekerti
A39: 28 | B39: 3165120944 / 232401028 | C39: SAMSUL HADI NURU. | BH39: =SUM(G39:AO39) -> 0 | BI39: =BH39/BG38*100 -> #DIV/0! | BJ39: =IFERROR(IF(BI39<F39,"Perlu mengulang beberapa Tujuan Pembelajaran dalam Mata Pelajarann ",IF(BI39>=F39,"Dinyatakan tuntas untuk seluruh Tujuan Pembelajaran dalam Mata Pelajaran ","")),"") &N5 -> PAI dan Budi Pekerti
A40: 29 | B40: 3166662295 / 232401029 | C40: SHELA AULIA SUJANA | BH40: =SUM(G40:AO40) -> 0 | BI40: =BH40/BG39*100 -> #DIV/0! | BJ40: =IFERROR(IF(BI40<F40,"Perlu mengulang beberapa Tujuan Pembelajaran dalam Mata Pelajarann ",IF(BI40>=F40,"Dinyatakan tuntas untuk seluruh Tujuan Pembelajaran dalam Mata Pelajaran ","")),"") &N5 -> PAI dan Budi Pekerti
A41: 30 | B41: 3171885467 / 232401030 | C41: SIFA FEBRIANA ZAHIRA. | BH41: =SUM(G41:AO41) -> 0 | BI41: =BH41/BG40*100 -> #DIV/0! | BJ41: =IFERROR(IF(BI41<F41,"Perlu mengulang beberapa Tujuan Pembelajaran dalam Mata Pelajarann ",IF(BI41>=F41,"Dinyatakan tuntas untuk seluruh Tujuan Pembelajaran dalam Mata Pelajaran ","")),"") &N5 -> PAI dan Budi Pekerti
A42: 31 | B42: 3160399284 / 232401042 | C42: SIVA SURYANI | BH42: =SUM(G42:AO42) -> 0 | BI42: =BH42/BG41*100 -> #DIV/0! | BJ42: =IFERROR(IF(BI42<F42,"Perlu mengulang beberapa Tujuan Pembelajaran dalam Mata Pelajarann ",IF(BI42>=F42,"Dinyatakan tuntas untuk seluruh Tujuan Pembelajaran dalam Mata Pelajaran ","")),"") &N5 -> PAI dan Budi Pekerti
A43: 32 | B43: 3163684371 / 232401031 | C43: TEDI I AZRY KURNIA | BH43: =SUM(G43:AO43) -> 0 | BI43: =BH43/BG42*100 -> #DIV/0! | BJ43: =IFERROR(IF(BI43<F43,"Perlu mengulang beberapa Tujuan Pembelajaran dalam Mata Pelajarann ",IF(BI43>=F43,"Dinyatakan tuntas untuk seluruh Tujuan Pembelajaran dalam Mata Pelajaran ","")),"") &N5 -> PAI dan Budi Pekerti
A44: 33 | B44: 3165625220 / 232401032 | C44: TRISTAN SAKHA PERMANA | BH44: =SUM(G44:AO44) -> 0 | BI44: =BH44/BG43*100 -> #DIV/0! | BJ44: =IFERROR(IF(BI44<F44,"Perlu mengulang beberapa Tujuan Pembelajaran dalam Mata Pelajarann ",IF(BI44>=F44,"Dinyatakan tuntas untuk seluruh Tujuan Pembelajaran dalam Mata Pelajaran ","")),"") &N5 -> PAI dan Budi Pekerti
A45: 34 | B45: 3169637412 / 232401033 | C45: ZAIN ROMANSYAH. | BH45: =SUM(G45:AO45) -> 0 | BI45: =BH45/BG44*100 -> #DIV/0! | BJ45: =IFERROR(IF(BI45<F45,"Perlu mengulang beberapa Tujuan Pembelajaran dalam Mata Pelajarann ",IF(BI45>=F45,"Dinyatakan tuntas untuk seluruh Tujuan Pembelajaran dalam Mata Pelajaran ","")),"") &N5 -> PAI dan Budi Pekerti
A46: 35 | B46: 3164974029 / 232401034 | C46: ZIHAN SRI RIZKI | BH46: =SUM(G46:AO46) -> 0 | BI46: =BH46/BG45*100 -> #DIV/0! | BJ46: =IFERROR(IF(BI46<F46,"Perlu mengulang beberapa Tujuan Pembelajaran dalam Mata Pelajarann ",IF(BI46>=F46,"Dinyatakan tuntas untuk seluruh Tujuan Pembelajaran dalam Mata Pelajaran ","")),"") &N5 -> PAI dan Budi Pekerti
H49: ='oke Lingk. 1'!H43 -> Mengetahui | Y49: Banjar, ….............. 2024 | BF49: ='oke Lingk. 1'!AB43 -> Banjar, Januari 2024
H50: ='oke Lingk. 1'!H44 -> Kepala UPTD SDN 1 Sukamukti | Y50: Guru | BF50: ='oke Lingk. 1'!AB44 -> Guru
H54: ='oke Lingk. 1'!H48 -> DUDUNG, S.Pd.SD | Y54: ANISA NURBASARI, S.Pd.I | BF54: ='oke Lingk. 1'!AB48 -> ANISA NURBASARI, S.Pd.I
H55: ='oke Lingk. 1'!H49 -> NIP. 197111101993071001 | Y55: NIP. 198702092019032004 | BF55: ='oke Lingk. 1'!AB49 -> NIP. 198702092019032004

Sheet Prog.Perbaikan
A1: PROGRAM PERBAIKAN DAN PENGAYAAN
A2: TAHUN PELAJARAN 2018 /2019
B4: Kelas / Semester | D4: : IV / 1
B5: Tema | D5: : Indahnya Kebersamaan
A7: NO | B7: Mata Pelajaran | C7: Materi Perbaikan | E7: Materi Pengayaan | G7: Jumlah Siswa | I7: Hari/Tanggal Pelaksanaan | J7: Hasil/Nilai | K7: Ket
G8: Perbaikan | H8: Pengayaan
A9: 1 | B9: PPKn | C9: 3.4 | D9: Mengidentifikasi berbagai bentuk keberagaman suku bangsa, sosial, dan budaya di Indonesia yang terikat persatuan dan kesatuan | E9: 3.4 | F9: Mengidentifikasi berbagai bentuk keberagaman suku bangsa, sosial, dan budaya di Indonesia yang terikat persatuan dan kesatuan | G9: 9 Orang | H9: 24 Orang | I9: Rabu 08-8-2018 | J9: Tuntas 100 %
A11: 2 | B11: Bhs.Indonesia | C11: 3.1 | D11: Mencermati gagasan pokok dan gagasan pendukung yang diperoleh dari teks lisan, tulis, atau visual | E11: 3.1 | F11: Mencermati gagasan pokok dan gagasan pendukung yang diperoleh dari teks lisan, tulis, atau visual | G11: 4 Orang | H11: 29 Orang | I11: Rabu 08-8-2018 | J11: Tuntas 100 %
A12: 3
A13: 3 | B13: IPA | C13: 3.6 | D13: Menerapkan sifat-sifat bunyi dan keterkaitannya dengan indera pendengaran | E13: 3.6 | F13: Menerapkan sifat-sifat bunyi dan keterkaitannya dengan indera pendengaran | G13: 7 Orang | H13: 26 Orang | I13: Rabu 08-8-2018 | J13: Tuntas 100 %
A15: 4 | B15: IPS | C15: 3.2 | D15: Mengidentifikasi keragaman sosial, ekonomi, budaya, etnis, dan agama di provinsi setempat sebagai identitas bangsa Indonesia; serta hubungannya dengan karakteristik ruang. | E15: 3.2 | F15: Mengidentifikasi keragaman sosial, ekonomi, budaya, etnis, dan agama di provinsi setempat sebagai identitas bangsa Indonesia; serta hubungannya dengan karakteristik ruang. | G15: 5 Orang | H15: 28 Orang | I15: Rabu 08-8-2018 | J15: Tuntas 100 %
A17: 5 | B17: SBdP | C17: 3.3 | D17: Mengetahui gerak tari kreasi daerah | E17: 3.3 | F17: Mengetahui gerak tari kreasi daerah | G17: 15 Orang | H17: 18 Orang | I17: Rabu 08-8-2018 | J17: Tuntas 100 %
B19: Mengetahui | I19: Banjar, 08 Agustus 2018
B20: Kepala SDN 5 Mekarsari | I20: Guru Kelas IV A
B25: ADIN, S.Pd. | I25: DEDE JUNTIAH, S.Pd.SD.
B26: NIP> 19650302 198803 1 013 | I26: NIP. 19700406 199307 2 001
A27: PROGRAM PERBAIKAN DAN PENGAYAAN
A28: TAHUN PELAJARAN 2018 /2019
B30: Kelas / Semester | D30: : IV / 1
B31: Tema | D31: : Selalu Berhemat Energi
A33: NO | B33: Mata Pelajaran | C33: Materi Perbaikan | E33: Materi Pengayaan | G33: Jumlah Siswa | I33: Hari/Tanggal Pelaksanaan | J33: Hasil/Nilai | K33: Ket
G34: Perbaikan | H34: Pengayaan
A35: 1 | B35: PPKn | C35: 3.2 | D35: Mengidentifikasi pelaksanaan kewajiban dan hak sebagai warga masyarakat dalam kehidupan sehari-hari | E35: 3.2 | F35: Mengidentifikasi pelaksanaan kewajiban dan hak sebagai warga masyarakat dalam kehidupan sehari-hari | G35: 7 Orang | H35: 26 Orang | I35: Selasa 04-9-2018 | J35: Tuntas 100 %
A37: 2 | B37: Bhs.Indonesia | C37: 3.2 | D37: Mencermati keterhubungan antargagasan yang didapat dari teks lisan, tulis, atau visual | E37: 3.2 | F37: Mencermati keterhubungan antargagasan yang didapat dari teks lisan, tulis, atau visual | G37: 8 Orang | H37: 25 Orang | I37: Selasa 04-9-2018 | J37: Tuntas 100 %
A38: 3
A39: 3 | B39: IPA | C39: 3.5 | D39: Mengidentifikasi berbagai sumber energi, perubahan bentuk energi, dan sumber energi alternatif (angin, air, matahari, panas bumi, bahan bakar organik, dan nuklir) dalam kehidupan sehari-hari | E39: 3.5 | F39: Mengidentifikasi berbagai sumber energi, perubahan bentuk energi, dan sumber energi alternatif (angin, air, matahari, panas bumi, bahan bakar organik, dan nuklir) dalam kehidupan sehari-hari | G39: 7 Orang | H39: 26 Orang | I39: Selasa 04-9-2018 | J39: Tuntas 100 %
A41: 4 | B41: IPS | C41: 3.1 | D41: Mengidentifikasi karakteristik ruang dan pemanfaatan sumber daya alam untuk kesejahteraan masyarakat dari tingkat kota/kabupaten sampai tingkat provinsi. | E41: 3.1 | F41: Mengidentifikasi karakteristik ruang dan pemanfaatan sumber daya alam untuk kesejahteraan masyarakat dari tingkat kota/kabupaten sampai tingkat provinsi. | G41: 7 Orang | H41: 26 Orang | I41: Selasa 04-9-2018 | J41: Tuntas 100 %
A43: 5 | B43: SBdP | C43: 3.2 | D43: Mengetahui tanda tempo dan tinggi rendah nada | E43: 3.2 | F43: Mengetahui tanda tempo dan tinggi rendah nada | G43: 10 Orang | H43: 13 Orang | I43: Selasa 04-9-2018 | J43: Tuntas 100 %
B45: Mengetahui | I45: Banjar, 04 September 2018
B46: Kepala SDN 5 Mekarsari | I46: Guru Kelas IV A
B51: ADIN, S.Pd. | I51: DEDE JUNTIAH, S.Pd.SD.
B52: NIP> 19650302 198803 1 013 | I52: NIP. 19700406 199307 2 001
A53: PROGRAM PERBAIKAN DAN PENGAYAAN
A54: TAHUN PELAJARAN 2018 /2019
B56: Kelas / Semester | D56: : IV / 1
B57: Tema | D57: :
A59: NO | B59: Mata Pelajaran | C59: Materi Perbaikan | E59: Materi Pengayaan | G59: Jumlah Siswa | I59: Hari/Tanggal Pelaksanaan | J59: Hasil/Nilai | K59: Ket
G60: Perbaikan | H60: Pengayaan
A61: 1 | B61: PPKn | C61: 3.4 | D61: Mengidentifikasi berbagai bentuk keberagaman suku bangsa, sosial, dan budaya di Indonesia yang terikat persatuan dan kesatuan | E61: 3.4 | F61: Mengidentifikasi berbagai bentuk keberagaman suku bangsa, sosial, dan budaya di Indonesia yang terikat persatuan dan kesatuan | G61: 9 Orang | H61: 24 Orang | I61: Rabu 08-8-2018 | J61: Tuntas 100 %
A63: 2 | B63: Bhs.Indonesia | C63: 3.1 | D63: Mencermati gagasan pokok dan gagasan pendukung yang diperoleh dari teks lisan, tulis, atau visual | E63: 3.1 | F63: Mencermati gagasan pokok dan gagasan pendukung yang diperoleh dari teks lisan, tulis, atau visual | G63: 4 Orang | H63: 29 Orang | I63: Rabu 08-8-2018 | J63: Tuntas 100 %
A64: 3
A65: 3 | B65: IPA | C65: 3.6 | D65: Menerapkan sifat-sifat bunyi dan keterkaitannya dengan indera pendengaran | E65: 3.6 | F65: Menerapkan sifat-sifat bunyi dan keterkaitannya dengan indera pendengaran | G65: 7 Orang | H65: 26 Orang | I65: Rabu 08-8-2018 | J65: Tuntas 100 %
A67: 4 | B67: IPS | C67: 3.2 | D67: Mengidentifikasi keragaman sosial, ekonomi, budaya, etnis, dan agama di provinsi setempat sebagai identitas bangsa Indonesia; serta hubungannya dengan karakteristik ruang. | E67: 3.2 | F67: Mengidentifikasi keragaman sosial, ekonomi, budaya, etnis, dan agama di provinsi setempat sebagai identitas bangsa Indonesia; serta hubungannya dengan karakteristik ruang. | G67: 5 Orang | H67: 28 Orang | I67: Rabu 08-8-2018 | J67: Tuntas 100 %
A69: 5 | B69: SBdP | C69: 3.3 | D69: Mengetahui gerak tari kreasi daerah | E69: 3.3 | F69: Mengetahui gerak tari kreasi daerah | G69: 15 Orang | H69: 18 Orang | I69: Rabu 08-8-2018 | J69: Tuntas 100 %
B71: Mengetahui | I71: Banjar, 08 Agustus 2018
B72: Kepala SDN 5 Mekarsari | I72: Guru Kelas IV A
B77: ADIN, S.Pd. | I77: DEDE JUNTIAH, S.Pd.SD.
B78: NIP> 19650302 198803 1 013 | I78: NIP. 19700406 199307 2 001
